week,sales_amount,base_price,final_price,promotion_type,channel,spend_online,impressions,clicks,spend_offline,spend,CTR (%)
2023-01-01T00:00:00Z,13516527.77,101.8305132,94.14853947,None,Facebook,1152.82,20117,613,null,1152.82,3.047174032
2023-01-01T00:00:00Z,13516527.77,101.8305132,94.14853947,None,Google Ads,810.68,12761,553,null,810.68,4.333516182
2023-01-01T00:00:00Z,13516527.77,101.8305132,94.14853947,None,Influencer Marketing,1122.12,22415,554,null,1122.12,2.471559224
2023-01-01T00:00:00Z,13516527.77,101.8305132,94.14853947,None,Instagram,707.48,9760,196,null,707.48,2.008196721
2023-01-01T00:00:00Z,13516527.77,101.8305132,94.14853947,None,YouTube,703.13,11148,236,null,703.13,2.116971654
2023-01-01T00:00:00Z,13516527.77,101.8305132,94.14853947,None,TV,null,null,null,11311.42,11311.42,0
2023-01-01T00:00:00Z,13516527.77,101.8305132,94.14853947,None,Radio,null,null,null,6723.33,6723.33,0
2023-01-01T00:00:00Z,13516527.77,101.8305132,94.14853947,None,Print,null,null,null,6214.43,6214.43,0
2023-01-01T00:00:00Z,13516527.77,101.8305132,94.14853947,None,OOH,null,null,null,11230.47,11230.47,0
2023-01-08T00:00:00Z,95081753.02,101.8305132,94.14853947,None,Facebook,7472.53,116389,3069,null,7472.53,2.636847125
2023-01-08T00:00:00Z,95081753.02,101.8305132,94.14853947,None,Google Ads,6973.85,114056,3117,null,6973.85,2.732868065
2023-01-08T00:00:00Z,95081753.02,101.8305132,94.14853947,None,Influencer Marketing,7179.02,96463,2827,null,7179.02,2.93065735
2023-01-08T00:00:00Z,95081753.02,101.8305132,94.14853947,None,Instagram,6834.33,90869,3048,null,6834.33,3.354279237
2023-01-08T00:00:00Z,95081753.02,101.8305132,94.14853947,None,YouTube,6562,112237,4007,null,6562,3.570123934
2023-01-08T00:00:00Z,95081753.02,101.8305132,94.14853947,None,TV,null,null,null,14004.01,14004.01,0
2023-01-08T00:00:00Z,95081753.02,101.8305132,94.14853947,None,Radio,null,null,null,9505.5,9505.5,0
2023-01-08T00:00:00Z,95081753.02,101.8305132,94.14853947,None,Print,null,null,null,11069.6,11069.6,0
2023-01-08T00:00:00Z,95081753.02,101.8305132,94.14853947,None,OOH,null,null,null,11380.75,11380.75,0
2023-01-15T00:00:00Z,94804406.04,101.8305132,94.14853947,None,Facebook,7204.29,109019,2921,null,7204.29,2.679349471
2023-01-15T00:00:00Z,94804406.04,101.8305132,94.14853947,None,Google Ads,7383.5,110200,3456,null,7383.5,3.136116152
2023-01-15T00:00:00Z,94804406.04,101.8305132,94.14853947,None,Influencer Marketing,7185.08,110120,3171,null,7185.08,2.879585906
2023-01-15T00:00:00Z,94804406.04,101.8305132,94.14853947,None,Instagram,6963.4,108455,3187,null,6963.4,2.938545941
2023-01-15T00:00:00Z,94804406.04,101.8305132,94.14853947,None,YouTube,7318.19,105857,3998,null,7318.19,3.776793221
2023-01-15T00:00:00Z,94804406.04,101.8305132,94.14853947,None,TV,null,null,null,14442.24,14442.24,0
2023-01-15T00:00:00Z,94804406.04,101.8305132,94.14853947,None,Radio,null,null,null,7836.04,7836.04,0
2023-01-15T00:00:00Z,94804406.04,101.8305132,94.14853947,None,Print,null,null,null,8861.17,8861.17,0
2023-01-15T00:00:00Z,94804406.04,101.8305132,94.14853947,None,OOH,null,null,null,10270.3,10270.3,0
2023-01-22T00:00:00Z,94833974.28,101.8305132,94.14853947,None,Facebook,7726.84,112568,3395,null,7726.84,3.015954801
2023-01-22T00:00:00Z,94833974.28,101.8305132,94.14853947,None,Google Ads,6522.2,99235,3807,null,6522.2,3.836348063
2023-01-22T00:00:00Z,94833974.28,101.8305132,94.14853947,None,Influencer Marketing,7710.31,123037,3671,null,7710.31,2.983655323
2023-01-22T00:00:00Z,94833974.28,101.8305132,94.14853947,None,Instagram,7479.41,108226,3094,null,7479.41,2.858832443
2023-01-22T00:00:00Z,94833974.28,101.8305132,94.14853947,None,YouTube,7745.75,130460,3683,null,7745.75,2.823087536
2023-01-22T00:00:00Z,94833974.28,101.8305132,94.14853947,None,TV,null,null,null,11917.89,11917.89,0
2023-01-22T00:00:00Z,94833974.28,101.8305132,94.14853947,None,Radio,null,null,null,6663.51,6663.51,0
2023-01-22T00:00:00Z,94833974.28,101.8305132,94.14853947,None,Print,null,null,null,11601.91,11601.91,0
2023-01-22T00:00:00Z,94833974.28,101.8305132,94.14853947,None,OOH,null,null,null,8335.56,8335.56,0
2023-01-29T00:00:00Z,94806994.45,101.8305132,94.14853947,None,Facebook,6987.22,109526,3006,null,6987.22,2.744553805
2023-01-29T00:00:00Z,94806994.45,101.8305132,94.14853947,None,Google Ads,6969.68,108369,3805,null,6969.68,3.511151713
2023-01-29T00:00:00Z,94806994.45,101.8305132,94.14853947,None,Influencer Marketing,7094.25,94130,2201,null,7094.25,2.338255604
2023-01-29T00:00:00Z,94806994.45,101.8305132,94.14853947,None,Instagram,7294.12,109293,2627,null,7294.12,2.403630608
2023-01-29T00:00:00Z,94806994.45,101.8305132,94.14853947,None,YouTube,7044.42,123568,3731,null,7044.42,3.019390133
2023-01-29T00:00:00Z,94806994.45,101.8305132,94.14853947,None,TV,null,null,null,6753.84,6753.84,0
2023-01-29T00:00:00Z,94806994.45,101.8305132,94.14853947,None,Radio,null,null,null,12158,12158,0
2023-01-29T00:00:00Z,94806994.45,101.8305132,94.14853947,None,Print,null,null,null,7488.18,7488.18,0
2023-01-29T00:00:00Z,94806994.45,101.8305132,94.14853947,None,OOH,null,null,null,9575.21,9575.21,0
2023-02-05T00:00:00Z,94790845.6,102.0346156,94.40543797,None,Facebook,6960.23,106200,3195,null,6960.23,3.008474576
2023-02-05T00:00:00Z,94790845.6,102.0346156,94.40543797,None,Google Ads,5657.36,79479,2712,null,5657.36,3.412222096
2023-02-05T00:00:00Z,94790845.6,102.0346156,94.40543797,None,Influencer Marketing,6643.44,104421,2683,null,6643.44,2.569406537
2023-02-05T00:00:00Z,94790845.6,102.0346156,94.40543797,None,Instagram,5966.77,92586,2534,null,5966.77,2.736914868
2023-02-05T00:00:00Z,94790845.6,102.0346156,94.40543797,None,YouTube,6758.85,101584,3071,null,6758.85,3.023113876
2023-02-05T00:00:00Z,94790845.6,102.0346156,94.40543797,None,TV,null,null,null,8881.09,8881.09,0
2023-02-05T00:00:00Z,94790845.6,102.0346156,94.40543797,None,Radio,null,null,null,8960.04,8960.04,0
2023-02-05T00:00:00Z,94790845.6,102.0346156,94.40543797,None,Print,null,null,null,4697.08,4697.08,0
2023-02-05T00:00:00Z,94790845.6,102.0346156,94.40543797,None,OOH,null,null,null,12255.92,12255.92,0
2023-02-12T00:00:00Z,95334475.79,102.1162566,94.50819737,None,Facebook,7015.83,105014,3216,null,7015.83,3.062448816
2023-02-12T00:00:00Z,95334475.79,102.1162566,94.50819737,None,Google Ads,6405.41,91768,2881,null,6405.41,3.139438584
2023-02-12T00:00:00Z,95334475.79,102.1162566,94.50819737,None,Influencer Marketing,7177.54,118498,3842,null,7177.54,3.242248814
2023-02-12T00:00:00Z,95334475.79,102.1162566,94.50819737,None,Instagram,7298.72,106031,3153,null,7298.72,2.973658647
2023-02-12T00:00:00Z,95334475.79,102.1162566,94.50819737,None,YouTube,7386.22,117776,3005,null,7386.22,2.551453607
2023-02-12T00:00:00Z,95334475.79,102.1162566,94.50819737,None,TV,null,null,null,11767.96,11767.96,0
2023-02-12T00:00:00Z,95334475.79,102.1162566,94.50819737,None,Radio,null,null,null,8863.17,8863.17,0
2023-02-12T00:00:00Z,95334475.79,102.1162566,94.50819737,None,Print,null,null,null,3987.37,3987.37,0
2023-02-12T00:00:00Z,95334475.79,102.1162566,94.50819737,None,OOH,null,null,null,6348.65,6348.65,0
2023-02-19T00:00:00Z,94535798.85,102.1162566,94.50819737,None,Facebook,7842.88,123339,3435,null,7842.88,2.785007175
2023-02-19T00:00:00Z,94535798.85,102.1162566,94.50819737,None,Google Ads,7183.16,116873,2371,null,7183.16,2.028697817
2023-02-19T00:00:00Z,94535798.85,102.1162566,94.50819737,None,Influencer Marketing,6883.84,98450,2856,null,6883.84,2.900964957
2023-02-19T00:00:00Z,94535798.85,102.1162566,94.50819737,None,Instagram,6863.05,104216,2847,null,6863.05,2.731826207
2023-02-19T00:00:00Z,94535798.85,102.1162566,94.50819737,None,YouTube,6814.58,99512,3063,null,6814.58,3.078020741
2023-02-19T00:00:00Z,94535798.85,102.1162566,94.50819737,None,TV,null,null,null,6648.19,6648.19,0
2023-02-19T00:00:00Z,94535798.85,102.1162566,94.50819737,None,Radio,null,null,null,13535.8,13535.8,0
2023-02-19T00:00:00Z,94535798.85,102.1162566,94.50819737,None,Print,null,null,null,9648.21,9648.21,0
2023-02-19T00:00:00Z,94535798.85,102.1162566,94.50819737,None,OOH,null,null,null,9698.83,9698.83,0
2023-02-26T00:00:00Z,94881074.24,102.1162566,94.50819737,None,Facebook,5973.36,91453,2839,null,5973.36,3.104326813
2023-02-26T00:00:00Z,94881074.24,102.1162566,94.50819737,None,Google Ads,8016.33,113686,3196,null,8016.33,2.811252045
2023-02-26T00:00:00Z,94881074.24,102.1162566,94.50819737,None,Influencer Marketing,7318.09,116553,3699,null,7318.09,3.173663484
2023-02-26T00:00:00Z,94881074.24,102.1162566,94.50819737,None,Instagram,7478.55,104767,3165,null,7478.55,3.020989434
2023-02-26T00:00:00Z,94881074.24,102.1162566,94.50819737,None,YouTube,7083.74,98676,2698,null,7083.74,2.734200819
2023-02-26T00:00:00Z,94881074.24,102.1162566,94.50819737,None,TV,null,null,null,13035.47,13035.47,0
2023-02-26T00:00:00Z,94881074.24,102.1162566,94.50819737,None,Radio,null,null,null,7152.14,7152.14,0
2023-02-26T00:00:00Z,94881074.24,102.1162566,94.50819737,None,Print,null,null,null,12065.73,12065.73,0
2023-02-26T00:00:00Z,94881074.24,102.1162566,94.50819737,None,OOH,null,null,null,3847.06,3847.06,0
2023-03-05T00:00:00Z,94627083,102.0838741,94.3379765,None,Facebook,7510.85,125073,2811,null,7510.85,2.247487467
2023-03-05T00:00:00Z,94627083,102.0838741,94.3379765,None,Google Ads,7886.7,109419,3139,null,7886.7,2.868788784
2023-03-05T00:00:00Z,94627083,102.0838741,94.3379765,None,Influencer Marketing,6789.57,103004,3528,null,6789.57,3.425109704
2023-03-05T00:00:00Z,94627083,102.0838741,94.3379765,None,Instagram,7380.14,109260,3174,null,7380.14,2.904997254
2023-03-05T00:00:00Z,94627083,102.0838741,94.3379765,None,YouTube,6630.46,99146,2944,null,6630.46,2.96935832
2023-03-05T00:00:00Z,94627083,102.0838741,94.3379765,None,TV,null,null,null,12165.05,12165.05,0
2023-03-05T00:00:00Z,94627083,102.0838741,94.3379765,None,Radio,null,null,null,14007,14007,0
2023-03-05T00:00:00Z,94627083,102.0838741,94.3379765,None,Print,null,null,null,12388.97,12388.97,0
2023-03-05T00:00:00Z,94627083,102.0838741,94.3379765,None,OOH,null,null,null,10679.14,10679.14,0
2023-03-12T00:00:00Z,94716344.37,102.0709211,94.26988816,None,Facebook,7134.49,102127,3340,null,7134.49,3.270437788
2023-03-12T00:00:00Z,94716344.37,102.0709211,94.26988816,None,Google Ads,5669.17,82787,2053,null,5669.17,2.479857949
2023-03-12T00:00:00Z,94716344.37,102.0709211,94.26988816,None,Influencer Marketing,6787.83,97433,4000,null,6787.83,4.105385239
2023-03-12T00:00:00Z,94716344.37,102.0709211,94.26988816,None,Instagram,7635.91,113196,3895,null,7635.91,3.440934309
2023-03-12T00:00:00Z,94716344.37,102.0709211,94.26988816,None,YouTube,7265.91,91594,2428,null,7265.91,2.650828657
2023-03-12T00:00:00Z,94716344.37,102.0709211,94.26988816,None,TV,null,null,null,11716.9,11716.9,0
2023-03-12T00:00:00Z,94716344.37,102.0709211,94.26988816,None,Radio,null,null,null,6044.36,6044.36,0
2023-03-12T00:00:00Z,94716344.37,102.0709211,94.26988816,None,Print,null,null,null,12249.1,12249.1,0
2023-03-12T00:00:00Z,94716344.37,102.0709211,94.26988816,None,OOH,null,null,null,11453.22,11453.22,0
2023-03-19T00:00:00Z,94481513.14,102.0709211,94.26988816,None,Facebook,7164.51,105007,3297,null,7164.51,3.139790681
2023-03-19T00:00:00Z,94481513.14,102.0709211,94.26988816,None,Google Ads,6552.92,94731,3043,null,6552.92,3.212253645
2023-03-19T00:00:00Z,94481513.14,102.0709211,94.26988816,None,Influencer Marketing,7086.84,107837,2790,null,7086.84,2.587238146
2023-03-19T00:00:00Z,94481513.14,102.0709211,94.26988816,None,Instagram,7239.58,107066,3189,null,7239.58,2.978536604
2023-03-19T00:00:00Z,94481513.14,102.0709211,94.26988816,None,YouTube,7602.19,90787,3467,null,7602.19,3.818828687
2023-03-19T00:00:00Z,94481513.14,102.0709211,94.26988816,None,TV,null,null,null,11535.83,11535.83,0
2023-03-19T00:00:00Z,94481513.14,102.0709211,94.26988816,None,Radio,null,null,null,11297.06,11297.06,0
2023-03-19T00:00:00Z,94481513.14,102.0709211,94.26988816,None,Print,null,null,null,9819.77,9819.77,0
2023-03-19T00:00:00Z,94481513.14,102.0709211,94.26988816,None,OOH,null,null,null,7568.84,7568.84,0
2023-03-26T00:00:00Z,94620735.08,102.0709211,94.26988816,None,Facebook,6345.67,88857,2798,null,6345.67,3.148879661
2023-03-26T00:00:00Z,94620735.08,102.0709211,94.26988816,None,Google Ads,6466.31,96070,2030,null,6466.31,2.113042573
2023-03-26T00:00:00Z,94620735.08,102.0709211,94.26988816,None,Influencer Marketing,7064.34,107603,3612,null,7064.34,3.356783733
2023-03-26T00:00:00Z,94620735.08,102.0709211,94.26988816,None,Instagram,7337.88,114421,3246,null,7337.88,2.836891829
2023-03-26T00:00:00Z,94620735.08,102.0709211,94.26988816,None,YouTube,6613.37,99587,3473,null,6613.37,3.487402974
2023-03-26T00:00:00Z,94620735.08,102.0709211,94.26988816,None,TV,null,null,null,11244.39,11244.39,0
2023-03-26T00:00:00Z,94620735.08,102.0709211,94.26988816,None,Radio,null,null,null,10206.34,10206.34,0
2023-03-26T00:00:00Z,94620735.08,102.0709211,94.26988816,None,Print,null,null,null,7832.59,7832.59,0
2023-03-26T00:00:00Z,94620735.08,102.0709211,94.26988816,None,OOH,null,null,null,10421.06,10421.06,0
2023-04-02T00:00:00Z,95008484.54,102.0380075,94.2258562,None,Facebook,6180.19,88300,2444,null,6180.19,2.76783692
2023-04-02T00:00:00Z,95008484.54,102.0380075,94.2258562,None,Google Ads,6683.36,104794,2292,null,6683.36,2.187148119
2023-04-02T00:00:00Z,95008484.54,102.0380075,94.2258562,None,Influencer Marketing,6103.15,103098,3922,null,6103.15,3.80414751
2023-04-02T00:00:00Z,95008484.54,102.0380075,94.2258562,None,Instagram,7025.56,95488,3254,null,7025.56,3.407758043
2023-04-02T00:00:00Z,95008484.54,102.0380075,94.2258562,None,YouTube,7850.71,110738,3033,null,7850.71,2.738897217
2023-04-02T00:00:00Z,95008484.54,102.0380075,94.2258562,None,TV,null,null,null,9353.72,9353.72,0
2023-04-02T00:00:00Z,95008484.54,102.0380075,94.2258562,None,Radio,null,null,null,14080.6,14080.6,0
2023-04-02T00:00:00Z,95008484.54,102.0380075,94.2258562,None,Print,null,null,null,12028.3,12028.3,0
2023-04-02T00:00:00Z,95008484.54,102.0380075,94.2258562,None,OOH,null,null,null,9886.23,9886.23,0
2023-04-09T00:00:00Z,94412519.47,101.9557237,94.11577632,None,Facebook,6307.96,98937,3580,null,6307.96,3.618464275
2023-04-09T00:00:00Z,94412519.47,101.9557237,94.11577632,None,Google Ads,6820.98,106458,3304,null,6820.98,3.103571361
2023-04-09T00:00:00Z,94412519.47,101.9557237,94.11577632,None,Influencer Marketing,7386.74,115951,3835,null,7386.74,3.307431587
2023-04-09T00:00:00Z,94412519.47,101.9557237,94.11577632,None,Instagram,6269.92,95691,3283,null,6269.92,3.430834666
2023-04-09T00:00:00Z,94412519.47,101.9557237,94.11577632,None,YouTube,7755.9,98786,3120,null,7755.9,3.158342275
2023-04-09T00:00:00Z,94412519.47,101.9557237,94.11577632,None,TV,null,null,null,10158.52,10158.52,0
2023-04-09T00:00:00Z,94412519.47,101.9557237,94.11577632,None,Radio,null,null,null,6873.45,6873.45,0
2023-04-09T00:00:00Z,94412519.47,101.9557237,94.11577632,None,Print,null,null,null,6507.72,6507.72,0
2023-04-09T00:00:00Z,94412519.47,101.9557237,94.11577632,None,OOH,null,null,null,10498,10498,0
2023-04-16T00:00:00Z,94541957.92,101.9557237,94.11577632,None,Facebook,6634.91,96413,3797,null,6634.91,3.938265587
2023-04-16T00:00:00Z,94541957.92,101.9557237,94.11577632,None,Google Ads,6306.94,97122,3075,null,6306.94,3.166120961
2023-04-16T00:00:00Z,94541957.92,101.9557237,94.11577632,None,Influencer Marketing,6661.02,90095,2713,null,6661.02,3.011265886
2023-04-16T00:00:00Z,94541957.92,101.9557237,94.11577632,None,Instagram,6566.59,91737,2741,null,6566.59,2.987889292
2023-04-16T00:00:00Z,94541957.92,101.9557237,94.11577632,None,YouTube,6965.15,92938,3505,null,6965.15,3.771331425
2023-04-16T00:00:00Z,94541957.92,101.9557237,94.11577632,None,TV,null,null,null,15292.38,15292.38,0
2023-04-16T00:00:00Z,94541957.92,101.9557237,94.11577632,None,Radio,null,null,null,10147.35,10147.35,0
2023-04-16T00:00:00Z,94541957.92,101.9557237,94.11577632,None,Print,null,null,null,8841.13,8841.13,0
2023-04-16T00:00:00Z,94541957.92,101.9557237,94.11577632,None,OOH,null,null,null,9708.88,9708.88,0
2023-04-23T00:00:00Z,95022601.11,101.9557237,94.11577632,None,Facebook,7220.13,117065,3579,null,7220.13,3.057275872
2023-04-23T00:00:00Z,95022601.11,101.9557237,94.11577632,None,Google Ads,7430.31,126816,3421,null,7430.31,2.697609134
2023-04-23T00:00:00Z,95022601.11,101.9557237,94.11577632,None,Influencer Marketing,7716.52,112656,4401,null,7716.52,3.906582872
2023-04-23T00:00:00Z,95022601.11,101.9557237,94.11577632,None,Instagram,6993.73,107398,3127,null,6993.73,2.911599844
2023-04-23T00:00:00Z,95022601.11,101.9557237,94.11577632,None,YouTube,6515.13,98621,3147,null,6515.13,3.191003944
2023-04-23T00:00:00Z,95022601.11,101.9557237,94.11577632,None,TV,null,null,null,14629.79,14629.79,0
2023-04-23T00:00:00Z,95022601.11,101.9557237,94.11577632,None,Radio,null,null,null,8130.39,8130.39,0
2023-04-23T00:00:00Z,95022601.11,101.9557237,94.11577632,None,Print,null,null,null,11065.75,11065.75,0
2023-04-23T00:00:00Z,95022601.11,101.9557237,94.11577632,None,OOH,null,null,null,9092.2,9092.2,0
2023-04-30T00:00:00Z,94528934.21,101.9557237,94.11577632,None,Facebook,6393.68,93132,2490,null,6393.68,2.673624533
2023-04-30T00:00:00Z,94528934.21,101.9557237,94.11577632,None,Google Ads,6173.75,89269,3402,null,6173.75,3.81095341
2023-04-30T00:00:00Z,94528934.21,101.9557237,94.11577632,None,Influencer Marketing,6523.15,103592,2819,null,6523.15,2.721252606
2023-04-30T00:00:00Z,94528934.21,101.9557237,94.11577632,None,Instagram,7193.29,104144,3278,null,7193.29,3.14756491
2023-04-30T00:00:00Z,94528934.21,101.9557237,94.11577632,None,YouTube,7391.27,110761,2733,null,7391.27,2.467475014
2023-04-30T00:00:00Z,94528934.21,101.9557237,94.11577632,None,TV,null,null,null,9053.29,9053.29,0
2023-04-30T00:00:00Z,94528934.21,101.9557237,94.11577632,None,Radio,null,null,null,10536.35,10536.35,0
2023-04-30T00:00:00Z,94528934.21,101.9557237,94.11577632,None,Print,null,null,null,8635.94,8635.94,0
2023-04-30T00:00:00Z,94528934.21,101.9557237,94.11577632,None,OOH,null,null,null,11830.24,11830.24,0
2023-05-07T00:00:00Z,95274972.46,102.0086382,94.55901316,None,Facebook,6505.33,91902,2366,null,6505.33,2.574481513
2023-05-07T00:00:00Z,95274972.46,102.0086382,94.55901316,None,Google Ads,7898.21,123901,2454,null,7898.21,1.980613554
2023-05-07T00:00:00Z,95274972.46,102.0086382,94.55901316,None,Influencer Marketing,6961.12,108757,2988,null,6961.12,2.747409362
2023-05-07T00:00:00Z,95274972.46,102.0086382,94.55901316,None,Instagram,7495.44,119983,3766,null,7495.44,3.138777994
2023-05-07T00:00:00Z,95274972.46,102.0086382,94.55901316,None,YouTube,6369.84,99777,3373,null,6369.84,3.380538601
2023-05-07T00:00:00Z,95274972.46,102.0086382,94.55901316,None,TV,null,null,null,7416.38,7416.38,0
2023-05-07T00:00:00Z,95274972.46,102.0086382,94.55901316,None,Radio,null,null,null,9073.95,9073.95,0
2023-05-07T00:00:00Z,95274972.46,102.0086382,94.55901316,None,Print,null,null,null,7582.3,7582.3,0
2023-05-07T00:00:00Z,95274972.46,102.0086382,94.55901316,None,OOH,null,null,null,7676.77,7676.77,0
2023-05-14T00:00:00Z,95340108.86,102.0086382,94.55901316,None,Facebook,6499.83,87575,2648,null,6499.83,3.023693977
2023-05-14T00:00:00Z,95340108.86,102.0086382,94.55901316,None,Google Ads,6684.6,103536,3037,null,6684.6,2.933279246
2023-05-14T00:00:00Z,95340108.86,102.0086382,94.55901316,None,Influencer Marketing,6741.57,96402,2410,null,6741.57,2.499948134
2023-05-14T00:00:00Z,95340108.86,102.0086382,94.55901316,None,Instagram,7033.14,119103,4960,null,7033.14,4.164462692
2023-05-14T00:00:00Z,95340108.86,102.0086382,94.55901316,None,YouTube,7359.48,109891,3347,null,7359.48,3.045745329
2023-05-14T00:00:00Z,95340108.86,102.0086382,94.55901316,None,TV,null,null,null,9910.25,9910.25,0
2023-05-14T00:00:00Z,95340108.86,102.0086382,94.55901316,None,Radio,null,null,null,6707.29,6707.29,0
2023-05-14T00:00:00Z,95340108.86,102.0086382,94.55901316,None,Print,null,null,null,5163.8,5163.8,0
2023-05-14T00:00:00Z,95340108.86,102.0086382,94.55901316,None,OOH,null,null,null,15260.47,15260.47,0
2023-05-21T00:00:00Z,94942634.32,102.0086382,94.55901316,None,Facebook,6538.89,111058,2775,null,6538.89,2.498694376
2023-05-21T00:00:00Z,94942634.32,102.0086382,94.55901316,None,Google Ads,8053.75,133944,3140,null,8053.75,2.344263274
2023-05-21T00:00:00Z,94942634.32,102.0086382,94.55901316,None,Influencer Marketing,6539.25,95151,2479,null,6539.25,2.605332577
2023-05-21T00:00:00Z,94942634.32,102.0086382,94.55901316,None,Instagram,6960.11,114148,3260,null,6960.11,2.855941409
2023-05-21T00:00:00Z,94942634.32,102.0086382,94.55901316,None,YouTube,7200.4,94960,2575,null,7200.4,2.711668071
2023-05-21T00:00:00Z,94942634.32,102.0086382,94.55901316,None,TV,null,null,null,13230.11,13230.11,0
2023-05-21T00:00:00Z,94942634.32,102.0086382,94.55901316,None,Radio,null,null,null,9311.49,9311.49,0
2023-05-21T00:00:00Z,94942634.32,102.0086382,94.55901316,None,Print,null,null,null,13622.82,13622.82,0
2023-05-21T00:00:00Z,94942634.32,102.0086382,94.55901316,None,OOH,null,null,null,8789.19,8789.19,0
2023-05-28T00:00:00Z,95151894.05,102.0086382,94.55901316,None,Facebook,6602.78,96047,3009,null,6602.78,3.132841213
2023-05-28T00:00:00Z,95151894.05,102.0086382,94.55901316,None,Google Ads,7619.83,97349,3527,null,7619.83,3.623046975
2023-05-28T00:00:00Z,95151894.05,102.0086382,94.55901316,None,Influencer Marketing,7139.75,109637,3021,null,7139.75,2.755456643
2023-05-28T00:00:00Z,95151894.05,102.0086382,94.55901316,None,Instagram,7627.09,105804,2521,null,7627.09,2.382707648
2023-05-28T00:00:00Z,95151894.05,102.0086382,94.55901316,None,YouTube,5957.73,90130,2255,null,5957.73,2.50194164
2023-05-28T00:00:00Z,95151894.05,102.0086382,94.55901316,None,TV,null,null,null,6627.45,6627.45,0
2023-05-28T00:00:00Z,95151894.05,102.0086382,94.55901316,None,Radio,null,null,null,14128.16,14128.16,0
2023-05-28T00:00:00Z,95151894.05,102.0086382,94.55901316,None,Print,null,null,null,11246.58,11246.58,0
2023-05-28T00:00:00Z,95151894.05,102.0086382,94.55901316,None,OOH,null,null,null,11615.28,11615.28,0
2023-06-04T00:00:00Z,95336930.91,101.9704201,94.32296805,None,Facebook,7358,107541,3590,null,7358,3.338261686
2023-06-04T00:00:00Z,95336930.91,101.9704201,94.32296805,None,Google Ads,6464.9,93526,2338,null,6464.9,2.499839617
2023-06-04T00:00:00Z,95336930.91,101.9704201,94.32296805,None,Influencer Marketing,7237.46,100525,4061,null,7237.46,4.039791097
2023-06-04T00:00:00Z,95336930.91,101.9704201,94.32296805,None,Instagram,6272.04,93205,2961,null,6272.04,3.176868194
2023-06-04T00:00:00Z,95336930.91,101.9704201,94.32296805,None,YouTube,6489.96,105598,2616,null,6489.96,2.477319646
2023-06-04T00:00:00Z,95336930.91,101.9704201,94.32296805,None,TV,null,null,null,12073.44,12073.44,0
2023-06-04T00:00:00Z,95336930.91,101.9704201,94.32296805,None,Radio,null,null,null,7700.48,7700.48,0
2023-06-04T00:00:00Z,95336930.91,101.9704201,94.32296805,None,Print,null,null,null,14229.21,14229.21,0
2023-06-04T00:00:00Z,95336930.91,101.9704201,94.32296805,None,OOH,null,null,null,10512.73,10512.73,0
2023-06-11T00:00:00Z,94864982.51,101.9417566,94.14593421,None,Facebook,6779.24,98341,2043,null,6779.24,2.077465147
2023-06-11T00:00:00Z,94864982.51,101.9417566,94.14593421,None,Google Ads,7322.7,108459,3513,null,7322.7,3.239011977
2023-06-11T00:00:00Z,94864982.51,101.9417566,94.14593421,None,Influencer Marketing,6674.44,106626,3573,null,6674.44,3.350965055
2023-06-11T00:00:00Z,94864982.51,101.9417566,94.14593421,None,Instagram,7950.39,118933,4043,null,7950.39,3.399392936
2023-06-11T00:00:00Z,94864982.51,101.9417566,94.14593421,None,YouTube,7106.9,100824,3180,null,7106.9,3.15401095
2023-06-11T00:00:00Z,94864982.51,101.9417566,94.14593421,None,TV,null,null,null,8381.11,8381.11,0
2023-06-11T00:00:00Z,94864982.51,101.9417566,94.14593421,None,Radio,null,null,null,9558.83,9558.83,0
2023-06-11T00:00:00Z,94864982.51,101.9417566,94.14593421,None,Print,null,null,null,5967.06,5967.06,0
2023-06-11T00:00:00Z,94864982.51,101.9417566,94.14593421,None,OOH,null,null,null,14102.01,14102.01,0
2023-06-18T00:00:00Z,94566596.48,101.9417566,94.14593421,None,Facebook,6577.73,95488,1962,null,6577.73,2.054708445
2023-06-18T00:00:00Z,94566596.48,101.9417566,94.14593421,None,Google Ads,6970.3,109697,2619,null,6970.3,2.387485528
2023-06-18T00:00:00Z,94566596.48,101.9417566,94.14593421,None,Influencer Marketing,7476.48,109324,4014,null,7476.48,3.671654897
2023-06-18T00:00:00Z,94566596.48,101.9417566,94.14593421,None,Instagram,7175.06,103352,3703,null,7175.06,3.582901153
2023-06-18T00:00:00Z,94566596.48,101.9417566,94.14593421,None,YouTube,6363.89,95819,2489,null,6363.89,2.597605903
2023-06-18T00:00:00Z,94566596.48,101.9417566,94.14593421,None,TV,null,null,null,7891.49,7891.49,0
2023-06-18T00:00:00Z,94566596.48,101.9417566,94.14593421,None,Radio,null,null,null,8106.72,8106.72,0
2023-06-18T00:00:00Z,94566596.48,101.9417566,94.14593421,None,Print,null,null,null,8255.12,8255.12,0
2023-06-18T00:00:00Z,94566596.48,101.9417566,94.14593421,None,OOH,null,null,null,13435.87,13435.87,0
2023-06-25T00:00:00Z,94227957.65,101.9417566,94.14593421,None,Facebook,6593.26,93142,2795,null,6593.26,3.000794486
2023-06-25T00:00:00Z,94227957.65,101.9417566,94.14593421,None,Google Ads,5875.14,98795,3816,null,5875.14,3.862543651
2023-06-25T00:00:00Z,94227957.65,101.9417566,94.14593421,None,Influencer Marketing,7725.48,102229,3769,null,7725.48,3.686820765
2023-06-25T00:00:00Z,94227957.65,101.9417566,94.14593421,None,Instagram,6443.65,95353,2751,null,6443.65,2.885069164
2023-06-25T00:00:00Z,94227957.65,101.9417566,94.14593421,None,YouTube,7754.82,111865,3304,null,7754.82,2.953560095
2023-06-25T00:00:00Z,94227957.65,101.9417566,94.14593421,None,TV,null,null,null,12094.3,12094.3,0
2023-06-25T00:00:00Z,94227957.65,101.9417566,94.14593421,None,Radio,null,null,null,8554.63,8554.63,0
2023-06-25T00:00:00Z,94227957.65,101.9417566,94.14593421,None,Print,null,null,null,9046.37,9046.37,0
2023-06-25T00:00:00Z,94227957.65,101.9417566,94.14593421,None,OOH,null,null,null,11530.66,11530.66,0
2023-07-02T00:00:00Z,94585073.07,101.9902434,94.20475,None,Facebook,6533.87,109365,3890,null,6533.87,3.556896631
2023-07-02T00:00:00Z,94585073.07,101.9902434,94.20475,None,Google Ads,7019.68,120807,3605,null,7019.68,2.984098604
2023-07-02T00:00:00Z,94585073.07,101.9902434,94.20475,None,Influencer Marketing,6315.24,86847,2976,null,6315.24,3.426715949
2023-07-02T00:00:00Z,94585073.07,101.9902434,94.20475,None,Instagram,6913.21,102289,2634,null,6913.21,2.575056946
2023-07-02T00:00:00Z,94585073.07,101.9902434,94.20475,None,YouTube,6117.05,99768,3287,null,6117.05,3.294643573
2023-07-02T00:00:00Z,94585073.07,101.9902434,94.20475,None,TV,null,null,null,10729.24,10729.24,0
2023-07-02T00:00:00Z,94585073.07,101.9902434,94.20475,None,Radio,null,null,null,12807.52,12807.52,0
2023-07-02T00:00:00Z,94585073.07,101.9902434,94.20475,None,Print,null,null,null,11607.55,11607.55,0
2023-07-02T00:00:00Z,94585073.07,101.9902434,94.20475,None,OOH,null,null,null,14278.21,14278.21,0
2023-07-09T00:00:00Z,94419633.68,102.1114605,94.35178947,None,Facebook,7226.29,108362,3372,null,7226.29,3.111791957
2023-07-09T00:00:00Z,94419633.68,102.1114605,94.35178947,None,Google Ads,6202.31,102109,4140,null,6202.31,4.054490789
2023-07-09T00:00:00Z,94419633.68,102.1114605,94.35178947,None,Influencer Marketing,7164.82,108183,2925,null,7164.82,2.703751976
2023-07-09T00:00:00Z,94419633.68,102.1114605,94.35178947,None,Instagram,6892.04,96675,3642,null,6892.04,3.767261443
2023-07-09T00:00:00Z,94419633.68,102.1114605,94.35178947,None,YouTube,6867.42,97223,2638,null,6867.42,2.713349722
2023-07-09T00:00:00Z,94419633.68,102.1114605,94.35178947,None,TV,null,null,null,12148.11,12148.11,0
2023-07-09T00:00:00Z,94419633.68,102.1114605,94.35178947,None,Radio,null,null,null,5369.7,5369.7,0
2023-07-09T00:00:00Z,94419633.68,102.1114605,94.35178947,None,Print,null,null,null,10078.06,10078.06,0
2023-07-09T00:00:00Z,94419633.68,102.1114605,94.35178947,None,OOH,null,null,null,11907.68,11907.68,0
2023-07-16T00:00:00Z,94941908.46,102.1114605,94.35178947,None,Facebook,7242.81,95711,2888,null,7242.81,3.017417016
2023-07-16T00:00:00Z,94941908.46,102.1114605,94.35178947,None,Google Ads,7512.24,104974,2598,null,7512.24,2.474898546
2023-07-16T00:00:00Z,94941908.46,102.1114605,94.35178947,None,Influencer Marketing,7920.62,130401,4936,null,7920.62,3.785247046
2023-07-16T00:00:00Z,94941908.46,102.1114605,94.35178947,None,Instagram,7096.5,88643,2873,null,7096.5,3.241090667
2023-07-16T00:00:00Z,94941908.46,102.1114605,94.35178947,None,YouTube,7688.34,119282,3433,null,7688.34,2.878053688
2023-07-16T00:00:00Z,94941908.46,102.1114605,94.35178947,None,TV,null,null,null,14766.11,14766.11,0
2023-07-16T00:00:00Z,94941908.46,102.1114605,94.35178947,None,Radio,null,null,null,7119.96,7119.96,0
2023-07-16T00:00:00Z,94941908.46,102.1114605,94.35178947,None,Print,null,null,null,13025.86,13025.86,0
2023-07-16T00:00:00Z,94941908.46,102.1114605,94.35178947,None,OOH,null,null,null,15076.81,15076.81,0
2023-07-23T00:00:00Z,94510742.51,102.1114605,94.35178947,None,Facebook,7903.29,110334,3236,null,7903.29,2.932912792
2023-07-23T00:00:00Z,94510742.51,102.1114605,94.35178947,None,Google Ads,7156.39,109221,2619,null,7156.39,2.397890516
2023-07-23T00:00:00Z,94510742.51,102.1114605,94.35178947,None,Influencer Marketing,6471.97,79793,2338,null,6471.97,2.930081586
2023-07-23T00:00:00Z,94510742.51,102.1114605,94.35178947,None,Instagram,6759.73,97861,2750,null,6759.73,2.810108215
2023-07-23T00:00:00Z,94510742.51,102.1114605,94.35178947,None,YouTube,7051.96,110139,2607,null,7051.96,2.367008961
2023-07-23T00:00:00Z,94510742.51,102.1114605,94.35178947,None,TV,null,null,null,11184.99,11184.99,0
2023-07-23T00:00:00Z,94510742.51,102.1114605,94.35178947,None,Radio,null,null,null,7366.28,7366.28,0
2023-07-23T00:00:00Z,94510742.51,102.1114605,94.35178947,None,Print,null,null,null,7450.49,7450.49,0
2023-07-23T00:00:00Z,94510742.51,102.1114605,94.35178947,None,OOH,null,null,null,7518.66,7518.66,0
2023-07-30T00:00:00Z,94496900.41,102.1114605,94.35178947,None,Facebook,7008.21,116070,2797,null,7008.21,2.409752735
2023-07-30T00:00:00Z,94496900.41,102.1114605,94.35178947,None,Google Ads,7537.79,120108,2665,null,7537.79,2.218836381
2023-07-30T00:00:00Z,94496900.41,102.1114605,94.35178947,None,Influencer Marketing,6343.48,91000,2524,null,6343.48,2.773626374
2023-07-30T00:00:00Z,94496900.41,102.1114605,94.35178947,None,Instagram,6872.99,111339,3816,null,6872.99,3.427370463
2023-07-30T00:00:00Z,94496900.41,102.1114605,94.35178947,None,YouTube,6206.92,88236,2279,null,6206.92,2.582846004
2023-07-30T00:00:00Z,94496900.41,102.1114605,94.35178947,None,TV,null,null,null,14222.64,14222.64,0
2023-07-30T00:00:00Z,94496900.41,102.1114605,94.35178947,None,Radio,null,null,null,8583.09,8583.09,0
2023-07-30T00:00:00Z,94496900.41,102.1114605,94.35178947,None,Print,null,null,null,10158.88,10158.88,0
2023-07-30T00:00:00Z,94496900.41,102.1114605,94.35178947,None,OOH,null,null,null,8618.83,8618.83,0
2023-08-06T00:00:00Z,95207103.34,101.9961917,94.2310282,None,Facebook,7257.86,113352,3089,null,7257.86,2.725139389
2023-08-06T00:00:00Z,95207103.34,101.9961917,94.2310282,None,Google Ads,7540.38,95774,3169,null,7540.38,3.308831207
2023-08-06T00:00:00Z,95207103.34,101.9961917,94.2310282,None,Influencer Marketing,7225.18,109256,3758,null,7225.18,3.43962803
2023-08-06T00:00:00Z,95207103.34,101.9961917,94.2310282,None,Instagram,7494,103638,3482,null,7494,3.359771512
2023-08-06T00:00:00Z,95207103.34,101.9961917,94.2310282,None,YouTube,7001.53,98939,3223,null,7001.53,3.257562741
2023-08-06T00:00:00Z,95207103.34,101.9961917,94.2310282,None,TV,null,null,null,3017.64,3017.64,0
2023-08-06T00:00:00Z,95207103.34,101.9961917,94.2310282,None,Radio,null,null,null,10310.49,10310.49,0
2023-08-06T00:00:00Z,95207103.34,101.9961917,94.2310282,None,Print,null,null,null,12933.14,12933.14,0
2023-08-06T00:00:00Z,95207103.34,101.9961917,94.2310282,None,OOH,null,null,null,8616.59,8616.59,0
2023-08-13T00:00:00Z,94602664.68,101.9769803,94.21090132,None,Facebook,7789.99,112170,3358,null,7789.99,2.993670322
2023-08-13T00:00:00Z,94602664.68,101.9769803,94.21090132,None,Google Ads,7113.94,114036,3223,null,7113.94,2.826300467
2023-08-13T00:00:00Z,94602664.68,101.9769803,94.21090132,None,Influencer Marketing,7122.97,109104,3477,null,7122.97,3.186867576
2023-08-13T00:00:00Z,94602664.68,101.9769803,94.21090132,None,Instagram,6413.12,100663,3448,null,6413.12,3.425290325
2023-08-13T00:00:00Z,94602664.68,101.9769803,94.21090132,None,YouTube,7154.56,109251,3136,null,7154.56,2.870454275
2023-08-13T00:00:00Z,94602664.68,101.9769803,94.21090132,None,TV,null,null,null,8949.44,8949.44,0
2023-08-13T00:00:00Z,94602664.68,101.9769803,94.21090132,None,Radio,null,null,null,9203.68,9203.68,0
2023-08-13T00:00:00Z,94602664.68,101.9769803,94.21090132,None,Print,null,null,null,9392.22,9392.22,0
2023-08-13T00:00:00Z,94602664.68,101.9769803,94.21090132,None,OOH,null,null,null,5745.35,5745.35,0
2023-08-20T00:00:00Z,95060965.15,101.9769803,94.21090132,None,Facebook,7240.11,100382,2960,null,7240.11,2.948735829
2023-08-20T00:00:00Z,95060965.15,101.9769803,94.21090132,None,Google Ads,7136.44,112089,3109,null,7136.44,2.773688765
2023-08-20T00:00:00Z,95060965.15,101.9769803,94.21090132,None,Influencer Marketing,7587.51,111072,3219,null,7587.51,2.898120138
2023-08-20T00:00:00Z,95060965.15,101.9769803,94.21090132,None,Instagram,6219.29,86215,3233,null,6219.29,3.749927507
2023-08-20T00:00:00Z,95060965.15,101.9769803,94.21090132,None,YouTube,6742.72,94243,2996,null,6742.72,3.179015948
2023-08-20T00:00:00Z,95060965.15,101.9769803,94.21090132,None,TV,null,null,null,11342.92,11342.92,0
2023-08-20T00:00:00Z,95060965.15,101.9769803,94.21090132,None,Radio,null,null,null,7379.11,7379.11,0
2023-08-20T00:00:00Z,95060965.15,101.9769803,94.21090132,None,Print,null,null,null,10806.78,10806.78,0
2023-08-20T00:00:00Z,95060965.15,101.9769803,94.21090132,None,OOH,null,null,null,6468.53,6468.53,0
2023-08-27T00:00:00Z,94615657.48,101.9769803,94.21090132,None,Facebook,7159.5,110072,2630,null,7159.5,2.389345156
2023-08-27T00:00:00Z,94615657.48,101.9769803,94.21090132,None,Google Ads,6985.4,90504,2950,null,6985.4,3.259524441
2023-08-27T00:00:00Z,94615657.48,101.9769803,94.21090132,None,Influencer Marketing,6150.65,85681,2554,null,6150.65,2.98082422
2023-08-27T00:00:00Z,94615657.48,101.9769803,94.21090132,None,Instagram,7363.11,104942,2759,null,7363.11,2.629071297
2023-08-27T00:00:00Z,94615657.48,101.9769803,94.21090132,None,YouTube,6885.61,108268,3306,null,6885.61,3.053533823
2023-08-27T00:00:00Z,94615657.48,101.9769803,94.21090132,None,TV,null,null,null,10111.82,10111.82,0
2023-08-27T00:00:00Z,94615657.48,101.9769803,94.21090132,None,Radio,null,null,null,10784.37,10784.37,0
2023-08-27T00:00:00Z,94615657.48,101.9769803,94.21090132,None,Print,null,null,null,8831.75,8831.75,0
2023-08-27T00:00:00Z,94615657.48,101.9769803,94.21090132,None,OOH,null,null,null,8176.81,8176.81,0
2023-09-03T00:00:00Z,94523958.36,102.0015836,94.41057895,None,Facebook,6564.97,102867,2068,null,6564.97,2.010362896
2023-09-03T00:00:00Z,94523958.36,102.0015836,94.41057895,None,Google Ads,6797.6,110739,3013,null,6797.6,2.720811999
2023-09-03T00:00:00Z,94523958.36,102.0015836,94.41057895,None,Influencer Marketing,6090.93,91728,2622,null,6090.93,2.858451073
2023-09-03T00:00:00Z,94523958.36,102.0015836,94.41057895,None,Instagram,7567.92,123521,2835,null,7567.92,2.295156289
2023-09-03T00:00:00Z,94523958.36,102.0015836,94.41057895,None,YouTube,7254.84,92830,2285,null,7254.84,2.461488743
2023-09-03T00:00:00Z,94523958.36,102.0015836,94.41057895,None,TV,null,null,null,9485.61,9485.61,0
2023-09-03T00:00:00Z,94523958.36,102.0015836,94.41057895,None,Radio,null,null,null,9602.6,9602.6,0
2023-09-03T00:00:00Z,94523958.36,102.0015836,94.41057895,None,Print,null,null,null,11412.55,11412.55,0
2023-09-03T00:00:00Z,94523958.36,102.0015836,94.41057895,None,OOH,null,null,null,11903.78,11903.78,0
2023-09-10T00:00:00Z,94957157.94,102.0343882,94.67681579,None,Facebook,6568.51,102659,1970,null,6568.51,1.918974469
2023-09-10T00:00:00Z,94957157.94,102.0343882,94.67681579,None,Google Ads,7023.6,104352,2443,null,7023.6,2.341114689
2023-09-10T00:00:00Z,94957157.94,102.0343882,94.67681579,None,Influencer Marketing,7247.61,106767,3039,null,7247.61,2.846385119
2023-09-10T00:00:00Z,94957157.94,102.0343882,94.67681579,None,Instagram,7618.2,115544,3304,null,7618.2,2.859516721
2023-09-10T00:00:00Z,94957157.94,102.0343882,94.67681579,None,YouTube,6710.69,90602,2321,null,6710.69,2.561753604
2023-09-10T00:00:00Z,94957157.94,102.0343882,94.67681579,None,TV,null,null,null,16358.62,16358.62,0
2023-09-10T00:00:00Z,94957157.94,102.0343882,94.67681579,None,Radio,null,null,null,14199.07,14199.07,0
2023-09-10T00:00:00Z,94957157.94,102.0343882,94.67681579,None,Print,null,null,null,9166.66,9166.66,0
2023-09-10T00:00:00Z,94957157.94,102.0343882,94.67681579,None,OOH,null,null,null,8175.19,8175.19,0
2023-09-17T00:00:00Z,95294469.85,102.0343882,94.67681579,None,Facebook,7600.95,127690,3724,null,7600.95,2.916438249
2023-09-17T00:00:00Z,95294469.85,102.0343882,94.67681579,None,Google Ads,7780.64,108614,3466,null,7780.64,3.191117167
2023-09-17T00:00:00Z,95294469.85,102.0343882,94.67681579,None,Influencer Marketing,6997.12,101191,3473,null,6997.12,3.43212341
2023-09-17T00:00:00Z,95294469.85,102.0343882,94.67681579,None,Instagram,7068.96,116812,3642,null,7068.96,3.11783036
2023-09-17T00:00:00Z,95294469.85,102.0343882,94.67681579,None,YouTube,7943.94,120574,3428,null,7943.94,2.843067328
2023-09-17T00:00:00Z,95294469.85,102.0343882,94.67681579,None,TV,null,null,null,10565.31,10565.31,0
2023-09-17T00:00:00Z,95294469.85,102.0343882,94.67681579,None,Radio,null,null,null,13933.05,13933.05,0
2023-09-17T00:00:00Z,95294469.85,102.0343882,94.67681579,None,Print,null,null,null,6549.12,6549.12,0
2023-09-17T00:00:00Z,95294469.85,102.0343882,94.67681579,None,OOH,null,null,null,11081.51,11081.51,0
2023-09-24T00:00:00Z,95274401.44,102.0343882,94.67681579,None,Facebook,6455.02,99221,2685,null,6455.02,2.706080366
2023-09-24T00:00:00Z,95274401.44,102.0343882,94.67681579,None,Google Ads,7043.64,114319,2786,null,7043.64,2.437040212
2023-09-24T00:00:00Z,95274401.44,102.0343882,94.67681579,None,Influencer Marketing,6786.68,108486,3051,null,6786.68,2.81234445
2023-09-24T00:00:00Z,95274401.44,102.0343882,94.67681579,None,Instagram,6467.84,103951,3294,null,6467.84,3.168800685
2023-09-24T00:00:00Z,95274401.44,102.0343882,94.67681579,None,YouTube,7183.17,94420,3239,null,7183.17,3.430417284
2023-09-24T00:00:00Z,95274401.44,102.0343882,94.67681579,None,TV,null,null,null,10089.84,10089.84,0
2023-09-24T00:00:00Z,95274401.44,102.0343882,94.67681579,None,Radio,null,null,null,5444.52,5444.52,0
2023-09-24T00:00:00Z,95274401.44,102.0343882,94.67681579,None,Print,null,null,null,14183.21,14183.21,0
2023-09-24T00:00:00Z,95274401.44,102.0343882,94.67681579,None,OOH,null,null,null,10070.92,10070.92,0
2023-10-01T00:00:00Z,95013414.16,102.0199615,94.63919643,None,Facebook,7575.41,118859,3452,null,7575.41,2.904281544
2023-10-01T00:00:00Z,95013414.16,102.0199615,94.63919643,None,Google Ads,6618.04,93503,3056,null,6618.04,3.268344331
2023-10-01T00:00:00Z,95013414.16,102.0199615,94.63919643,None,Influencer Marketing,7462.8,94075,2741,null,7462.8,2.91363274
2023-10-01T00:00:00Z,95013414.16,102.0199615,94.63919643,None,Instagram,6549.87,98636,2827,null,6549.87,2.866093516
2023-10-01T00:00:00Z,95013414.16,102.0199615,94.63919643,None,YouTube,6805.88,103702,2869,null,6805.88,2.766581165
2023-10-01T00:00:00Z,95013414.16,102.0199615,94.63919643,None,TV,null,null,null,14434.33,14434.33,0
2023-10-01T00:00:00Z,95013414.16,102.0199615,94.63919643,None,Radio,null,null,null,7477.71,7477.71,0
2023-10-01T00:00:00Z,95013414.16,102.0199615,94.63919643,None,Print,null,null,null,14446.69,14446.69,0
2023-10-01T00:00:00Z,95013414.16,102.0199615,94.63919643,None,OOH,null,null,null,13382.83,13382.83,0
2023-10-08T00:00:00Z,95152013.24,101.9334013,94.41348026,None,Facebook,6547.14,100845,3382,null,6547.14,3.35366156
2023-10-08T00:00:00Z,95152013.24,101.9334013,94.41348026,None,Google Ads,6941.61,115001,3324,null,6941.61,2.890409649
2023-10-08T00:00:00Z,95152013.24,101.9334013,94.41348026,None,Influencer Marketing,6093.82,101937,3609,null,6093.82,3.540422025
2023-10-08T00:00:00Z,95152013.24,101.9334013,94.41348026,None,Instagram,7333.45,106179,3097,null,7333.45,2.91677262
2023-10-08T00:00:00Z,95152013.24,101.9334013,94.41348026,None,YouTube,6353.56,88791,2582,null,6353.56,2.907952383
2023-10-08T00:00:00Z,95152013.24,101.9334013,94.41348026,None,TV,null,null,null,14094.81,14094.81,0
2023-10-08T00:00:00Z,95152013.24,101.9334013,94.41348026,None,Radio,null,null,null,13230.39,13230.39,0
2023-10-08T00:00:00Z,95152013.24,101.9334013,94.41348026,None,Print,null,null,null,8344.6,8344.6,0
2023-10-08T00:00:00Z,95152013.24,101.9334013,94.41348026,None,OOH,null,null,null,9655.43,9655.43,0
2023-10-15T00:00:00Z,95519997.6,101.9334013,94.41348026,None,Facebook,6890.62,112048,3202,null,6890.62,2.857703841
2023-10-15T00:00:00Z,95519997.6,101.9334013,94.41348026,None,Google Ads,7322.37,112837,3189,null,7322.37,2.826200626
2023-10-15T00:00:00Z,95519997.6,101.9334013,94.41348026,None,Influencer Marketing,7392.83,108075,3123,null,7392.83,2.889659958
2023-10-15T00:00:00Z,95519997.6,101.9334013,94.41348026,None,Instagram,7377.04,119111,2937,null,7377.04,2.465767226
2023-10-15T00:00:00Z,95519997.6,101.9334013,94.41348026,None,YouTube,6659.56,101271,2778,null,6659.56,2.743134757
2023-10-15T00:00:00Z,95519997.6,101.9334013,94.41348026,None,TV,null,null,null,5323.98,5323.98,0
2023-10-15T00:00:00Z,95519997.6,101.9334013,94.41348026,None,Radio,null,null,null,7505.5,7505.5,0
2023-10-15T00:00:00Z,95519997.6,101.9334013,94.41348026,None,Print,null,null,null,9301.5,9301.5,0
2023-10-15T00:00:00Z,95519997.6,101.9334013,94.41348026,None,OOH,null,null,null,7111.7,7111.7,0
2023-10-22T00:00:00Z,94650831.29,101.9334013,94.41348026,None,Facebook,7117.63,100222,2476,null,7117.63,2.470515456
2023-10-22T00:00:00Z,94650831.29,101.9334013,94.41348026,None,Google Ads,6878.74,104763,3866,null,6878.74,3.690234148
2023-10-22T00:00:00Z,94650831.29,101.9334013,94.41348026,None,Influencer Marketing,6719.82,103245,2991,null,6719.82,2.89699259
2023-10-22T00:00:00Z,94650831.29,101.9334013,94.41348026,None,Instagram,6525.66,119585,4734,null,6525.66,3.958690471
2023-10-22T00:00:00Z,94650831.29,101.9334013,94.41348026,None,YouTube,7617.36,107287,3498,null,7617.36,3.260413657
2023-10-22T00:00:00Z,94650831.29,101.9334013,94.41348026,None,TV,null,null,null,10829.3,10829.3,0
2023-10-22T00:00:00Z,94650831.29,101.9334013,94.41348026,None,Radio,null,null,null,8640.36,8640.36,0
2023-10-22T00:00:00Z,94650831.29,101.9334013,94.41348026,None,Print,null,null,null,13220.46,13220.46,0
2023-10-22T00:00:00Z,94650831.29,101.9334013,94.41348026,None,OOH,null,null,null,8311.3,8311.3,0
2023-10-29T00:00:00Z,94782648.06,101.9334013,94.41348026,None,Facebook,6848.75,95579,3682,null,6848.75,3.852310654
2023-10-29T00:00:00Z,94782648.06,101.9334013,94.41348026,None,Google Ads,7107.75,112821,3587,null,7107.75,3.179372635
2023-10-29T00:00:00Z,94782648.06,101.9334013,94.41348026,None,Influencer Marketing,6401.66,91273,2581,null,6401.66,2.827780395
2023-10-29T00:00:00Z,94782648.06,101.9334013,94.41348026,None,Instagram,6662.98,107802,3931,null,6662.98,3.646500065
2023-10-29T00:00:00Z,94782648.06,101.9334013,94.41348026,None,YouTube,6197.17,83617,2023,null,6197.17,2.419364483
2023-10-29T00:00:00Z,94782648.06,101.9334013,94.41348026,None,TV,null,null,null,9778.58,9778.58,0
2023-10-29T00:00:00Z,94782648.06,101.9334013,94.41348026,None,Radio,null,null,null,6134.18,6134.18,0
2023-10-29T00:00:00Z,94782648.06,101.9334013,94.41348026,None,Print,null,null,null,12356.78,12356.78,0
2023-10-29T00:00:00Z,94782648.06,101.9334013,94.41348026,None,OOH,null,null,null,13892.72,13892.72,0
2023-11-05T00:00:00Z,94932219.07,101.9320714,94.24557613,None,Facebook,7364.21,117839,3534,null,7364.21,2.99900712
2023-11-05T00:00:00Z,94932219.07,101.9320714,94.24557613,None,Google Ads,7186.32,110388,3367,null,7186.32,3.050150379
2023-11-05T00:00:00Z,94932219.07,101.9320714,94.24557613,None,Influencer Marketing,6444.08,98964,3413,null,6444.08,3.448728831
2023-11-05T00:00:00Z,94932219.07,101.9320714,94.24557613,None,Instagram,7669.44,109216,2982,null,7669.44,2.730369177
2023-11-05T00:00:00Z,94932219.07,101.9320714,94.24557613,None,YouTube,6552.18,99194,3279,null,6552.18,3.305643487
2023-11-05T00:00:00Z,94932219.07,101.9320714,94.24557613,None,TV,null,null,null,5240.62,5240.62,0
2023-11-05T00:00:00Z,94932219.07,101.9320714,94.24557613,None,Radio,null,null,null,7359.92,7359.92,0
2023-11-05T00:00:00Z,94932219.07,101.9320714,94.24557613,None,Print,null,null,null,8628.92,8628.92,0
2023-11-05T00:00:00Z,94932219.07,101.9320714,94.24557613,None,OOH,null,null,null,6881.7,6881.7,0
2023-11-12T00:00:00Z,94982267.67,101.9315395,94.17841447,None,Facebook,7316.19,116102,3850,null,7316.19,3.31604968
2023-11-12T00:00:00Z,94982267.67,101.9315395,94.17841447,None,Google Ads,7085.34,96568,3044,null,7085.34,3.152182918
2023-11-12T00:00:00Z,94982267.67,101.9315395,94.17841447,None,Influencer Marketing,6828.17,105358,2516,null,6828.17,2.388048368
2023-11-12T00:00:00Z,94982267.67,101.9315395,94.17841447,None,Instagram,7441.97,116634,2976,null,7441.97,2.551571583
2023-11-12T00:00:00Z,94982267.67,101.9315395,94.17841447,None,YouTube,6791.81,98172,2940,null,6791.81,2.994743919
2023-11-12T00:00:00Z,94982267.67,101.9315395,94.17841447,None,TV,null,null,null,9129.58,9129.58,0
2023-11-12T00:00:00Z,94982267.67,101.9315395,94.17841447,None,Radio,null,null,null,9696.3,9696.3,0
2023-11-12T00:00:00Z,94982267.67,101.9315395,94.17841447,None,Print,null,null,null,11831.68,11831.68,0
2023-11-12T00:00:00Z,94982267.67,101.9315395,94.17841447,None,OOH,null,null,null,10020.36,10020.36,0
2023-11-19T00:00:00Z,94738851.68,101.9315395,94.17841447,None,Facebook,6385.34,100359,2577,null,6385.34,2.567781664
2023-11-19T00:00:00Z,94738851.68,101.9315395,94.17841447,None,Google Ads,7275.56,118075,3880,null,7275.56,3.286047004
2023-11-19T00:00:00Z,94738851.68,101.9315395,94.17841447,None,Influencer Marketing,7208.84,113664,3580,null,7208.84,3.149634009
2023-11-19T00:00:00Z,94738851.68,101.9315395,94.17841447,None,Instagram,6982.26,105910,2594,null,6982.26,2.449249363
2023-11-19T00:00:00Z,94738851.68,101.9315395,94.17841447,None,YouTube,7557.67,106107,3762,null,7557.67,3.545477678
2023-11-19T00:00:00Z,94738851.68,101.9315395,94.17841447,None,TV,null,null,null,6676.19,6676.19,0
2023-11-19T00:00:00Z,94738851.68,101.9315395,94.17841447,None,Radio,null,null,null,7427.46,7427.46,0
2023-11-19T00:00:00Z,94738851.68,101.9315395,94.17841447,None,Print,null,null,null,11200.82,11200.82,0
2023-11-19T00:00:00Z,94738851.68,101.9315395,94.17841447,None,OOH,null,null,null,5951.5,5951.5,0
2023-11-26T00:00:00Z,94824078.98,101.9315395,94.17841447,None,Facebook,7974.22,128431,2646,null,7974.22,2.060250251
2023-11-26T00:00:00Z,94824078.98,101.9315395,94.17841447,None,Google Ads,6477.02,85777,2350,null,6477.02,2.739662147
2023-11-26T00:00:00Z,94824078.98,101.9315395,94.17841447,None,Influencer Marketing,7287.09,98999,3487,null,7287.09,3.522257801
2023-11-26T00:00:00Z,94824078.98,101.9315395,94.17841447,None,Instagram,7412.61,105808,3855,null,7412.61,3.643391804
2023-11-26T00:00:00Z,94824078.98,101.9315395,94.17841447,None,YouTube,7472.65,105966,3355,null,7472.65,3.166109884
2023-11-26T00:00:00Z,94824078.98,101.9315395,94.17841447,None,TV,null,null,null,7666.26,7666.26,0
2023-11-26T00:00:00Z,94824078.98,101.9315395,94.17841447,None,Radio,null,null,null,15094.65,15094.65,0
2023-11-26T00:00:00Z,94824078.98,101.9315395,94.17841447,None,Print,null,null,null,6267.8,6267.8,0
2023-11-26T00:00:00Z,94824078.98,101.9315395,94.17841447,None,OOH,null,null,null,11869.33,11869.33,0
2023-12-03T00:00:00Z,94998032.04,102.0375602,94.38336184,None,Facebook,7156.88,102860,2847,null,7156.88,2.767839782
2023-12-03T00:00:00Z,94998032.04,102.0375602,94.38336184,None,Google Ads,7004.75,95467,3063,null,7004.75,3.208438518
2023-12-03T00:00:00Z,94998032.04,102.0375602,94.38336184,None,Influencer Marketing,7069.52,111600,3422,null,7069.52,3.066308244
2023-12-03T00:00:00Z,94998032.04,102.0375602,94.38336184,None,Instagram,7676.49,101896,3372,null,7676.49,3.309256497
2023-12-03T00:00:00Z,94998032.04,102.0375602,94.38336184,None,YouTube,7263.11,123488,4407,null,7263.11,3.568767815
2023-12-03T00:00:00Z,94998032.04,102.0375602,94.38336184,None,TV,null,null,null,12988.15,12988.15,0
2023-12-03T00:00:00Z,94998032.04,102.0375602,94.38336184,None,Radio,null,null,null,6096.8,6096.8,0
2023-12-03T00:00:00Z,94998032.04,102.0375602,94.38336184,None,Print,null,null,null,15081.87,15081.87,0
2023-12-03T00:00:00Z,94998032.04,102.0375602,94.38336184,None,OOH,null,null,null,6791.09,6791.09,0
2023-12-10T00:00:00Z,95111336.1,102.1789211,94.656625,None,Facebook,6780.84,110343,3332,null,6780.84,3.019675013
2023-12-10T00:00:00Z,95111336.1,102.1789211,94.656625,None,Google Ads,7101.31,101208,3377,null,7101.31,3.336692752
2023-12-10T00:00:00Z,95111336.1,102.1789211,94.656625,None,Influencer Marketing,7525.93,106409,3011,null,7525.93,2.829647868
2023-12-10T00:00:00Z,95111336.1,102.1789211,94.656625,None,Instagram,7155.02,119651,3807,null,7155.02,3.1817536
2023-12-10T00:00:00Z,95111336.1,102.1789211,94.656625,None,YouTube,7352.61,105674,3049,null,7352.61,2.885288718
2023-12-10T00:00:00Z,95111336.1,102.1789211,94.656625,None,TV,null,null,null,9084.44,9084.44,0
2023-12-10T00:00:00Z,95111336.1,102.1789211,94.656625,None,Radio,null,null,null,8331.65,8331.65,0
2023-12-10T00:00:00Z,95111336.1,102.1789211,94.656625,None,Print,null,null,null,5028.3,5028.3,0
2023-12-10T00:00:00Z,95111336.1,102.1789211,94.656625,None,OOH,null,null,null,9162.6,9162.6,0
2023-12-17T00:00:00Z,95089026.43,102.1789211,94.656625,None,Facebook,5960.4,75892,2175,null,5960.4,2.865914721
2023-12-17T00:00:00Z,95089026.43,102.1789211,94.656625,None,Google Ads,7864.27,106415,3018,null,7864.27,2.836066344
2023-12-17T00:00:00Z,95089026.43,102.1789211,94.656625,None,Influencer Marketing,7294.56,100749,2579,null,7294.56,2.559826897
2023-12-17T00:00:00Z,95089026.43,102.1789211,94.656625,None,Instagram,7430.45,115350,3192,null,7430.45,2.767230169
2023-12-17T00:00:00Z,95089026.43,102.1789211,94.656625,None,YouTube,7271.56,105047,3555,null,7271.56,3.384199454
2023-12-17T00:00:00Z,95089026.43,102.1789211,94.656625,None,TV,null,null,null,4824.16,4824.16,0
2023-12-17T00:00:00Z,95089026.43,102.1789211,94.656625,None,Radio,null,null,null,7731.61,7731.61,0
2023-12-17T00:00:00Z,95089026.43,102.1789211,94.656625,None,Print,null,null,null,15490.11,15490.11,0
2023-12-17T00:00:00Z,95089026.43,102.1789211,94.656625,None,OOH,null,null,null,11683.99,11683.99,0
2023-12-24T00:00:00Z,95735767.86,102.1789211,94.656625,None,Facebook,6839.46,100306,3137,null,6839.46,3.127430064
2023-12-24T00:00:00Z,95735767.86,102.1789211,94.656625,None,Google Ads,6944.65,113421,3998,null,6944.65,3.524920429
2023-12-24T00:00:00Z,95735767.86,102.1789211,94.656625,None,Influencer Marketing,7356.79,105916,3522,null,7356.79,3.325276634
2023-12-24T00:00:00Z,95735767.86,102.1789211,94.656625,None,Instagram,7561.14,105781,2702,null,7561.14,2.554333954
2023-12-24T00:00:00Z,95735767.86,102.1789211,94.656625,None,YouTube,6288.67,98328,3290,null,6288.67,3.345944187
2023-12-24T00:00:00Z,95735767.86,102.1789211,94.656625,None,TV,null,null,null,10709.13,10709.13,0
2023-12-24T00:00:00Z,95735767.86,102.1789211,94.656625,None,Radio,null,null,null,5772.35,5772.35,0
2023-12-24T00:00:00Z,95735767.86,102.1789211,94.656625,None,Print,null,null,null,9844.37,9844.37,0
2023-12-24T00:00:00Z,95735767.86,102.1789211,94.656625,None,OOH,null,null,null,14623.57,14623.57,0
2023-12-31T00:00:00Z,94980648.16,102.1789211,94.656625,None,Facebook,7011.73,112687,3129,null,7011.73,2.776717811
2023-12-31T00:00:00Z,94980648.16,102.1789211,94.656625,None,Google Ads,6571.3,94324,2613,null,6571.3,2.770238752
2023-12-31T00:00:00Z,94980648.16,102.1789211,94.656625,None,Influencer Marketing,6405.78,91063,2025,null,6405.78,2.223735216
2023-12-31T00:00:00Z,94980648.16,102.1789211,94.656625,None,Instagram,6636.82,104355,3488,null,6636.82,3.342436874
2023-12-31T00:00:00Z,94980648.16,102.1789211,94.656625,None,YouTube,6858.16,104096,3393,null,6858.16,3.259491239
2023-12-31T00:00:00Z,94980648.16,102.1789211,94.656625,None,TV,null,null,null,12565.47,12565.47,0
2023-12-31T00:00:00Z,94980648.16,102.1789211,94.656625,None,Radio,null,null,null,11167.25,11167.25,0
2023-12-31T00:00:00Z,94980648.16,102.1789211,94.656625,None,Print,null,null,null,9546.23,9546.23,0
2023-12-31T00:00:00Z,94980648.16,102.1789211,94.656625,None,OOH,null,null,null,9881.73,9881.73,0
