date,channel,spend,impressions,clicks
2023-01-01,Facebook,1152.82,20117,613
2023-01-01,Instagram,707.48,9760,196
2023-01-01,YouTube,703.13,11148,236
2023-01-01,Google Ads,810.68,12761,553
2023-01-01,Influencer Marketing,1122.12,22415,554
2023-01-02,Facebook,1214.88,18039,404
2023-01-02,Instagram,792.13,15671,204
2023-01-02,YouTube,814.86,15964,772
2023-01-02,Google Ads,1000.86,12123,247
2023-01-02,Influencer Marketing,1171.38,13053,505
2023-01-03,Facebook,1069.1,14945,274
2023-01-03,Instagram,917.98,12250,454
2023-01-03,YouTube,794.64,11709,584
2023-01-03,Google Ads,1170.13,17315,392
2023-01-03,Influencer Marketing,750.78,11408,321
2023-01-04,Facebook,1329.45,17523,823
2023-01-04,Instagram,1099.36,12820,554
2023-01-04,YouTube,863.82,17092,275
2023-01-04,Google Ads,1002.55,18146,348
2023-01-04,Influencer Marketing,1259.58,16270,357
2023-01-05,Facebook,881.63,15380,717
2023-01-05,Instagram,1052.02,11723,328
2023-01-05,YouTube,1014.89,18671,480
2023-01-05,Google Ads,943.74,18714,774
2023-01-05,Influencer Marketing,760.15,13635,619
2023-01-06,Facebook,950.83,18115,363
2023-01-06,Instagram,792.69,8250,210
2023-01-06,YouTube,1217.55,19282,932
2023-01-06,Google Ads,898.12,13421,402
2023-01-06,Influencer Marketing,907.19,10587,277
2023-01-07,Facebook,1059.77,17953,251
2023-01-07,Instagram,1180.82,14604,613
2023-01-07,YouTube,1051.89,15959,456
2023-01-07,Google Ads,1012.82,18791,357
2023-01-07,Influencer Marketing,929.6,14544,271
2023-01-08,Facebook,966.87,14434,237
2023-01-08,Instagram,999.33,15551,685
2023-01-08,YouTube,804.35,13560,508
2023-01-08,Google Ads,945.63,15546,597
2023-01-08,Influencer Marketing,1400.34,16966,477
2023-01-09,Facebook,1029.16,15278,729
2023-01-09,Instagram,657.78,12734,517
2023-01-09,YouTube,1029.06,14841,475
2023-01-09,Google Ads,1152.04,11633,526
2023-01-09,Influencer Marketing,821.83,14670,224
2023-01-10,Facebook,1151.09,11570,150
2023-01-10,Instagram,981.17,16773,369
2023-01-10,YouTube,1272.78,21691,925
2023-01-10,Google Ads,1214.4,20153,509
2023-01-10,Influencer Marketing,1195.7,18777,502
2023-01-11,Facebook,1048.47,18241,549
2023-01-11,Instagram,1151.91,17600,781
2023-01-11,YouTube,1120.32,17041,582
2023-01-11,Google Ads,1085.15,12367,431
2023-01-11,Influencer Marketing,625.82,7680,123
2023-01-12,Facebook,1051.06,11864,451
2023-01-12,Instagram,982.09,11241,432
2023-01-12,YouTube,830.81,13089,459
2023-01-12,Google Ads,1120.97,19114,814
2023-01-12,Influencer Marketing,1215.95,19365,715
2023-01-13,Facebook,1016.51,17715,436
2023-01-13,Instagram,963.33,18721,435
2023-01-13,YouTube,685.81,8072,311
2023-01-13,Google Ads,965.66,15956,193
2023-01-13,Influencer Marketing,997.03,15627,326
2023-01-14,Facebook,1129.0,21186,387
2023-01-14,Instagram,1037.55,12969,237
2023-01-14,YouTube,1011.62,11230,383
2023-01-14,Google Ads,1147.6,20117,674
2023-01-14,Influencer Marketing,990.96,15206,508
2023-01-15,Facebook,779.0,13165,219
2023-01-15,Instagram,1189.57,18417,416
2023-01-15,YouTube,1367.79,19893,863
2023-01-15,Google Ads,697.68,10860,309
2023-01-15,Influencer Marketing,1337.79,18795,773
2023-01-16,Facebook,1190.93,12135,487
2023-01-16,Instagram,1170.74,13573,632
2023-01-16,YouTube,978.28,16280,659
2023-01-16,Google Ads,678.79,9676,259
2023-01-16,Influencer Marketing,1112.69,20728,606
2023-01-17,Facebook,920.75,13571,677
2023-01-17,Instagram,958.56,17032,300
2023-01-17,YouTube,1464.91,28189,414
2023-01-17,Google Ads,730.94,11078,287
2023-01-17,Influencer Marketing,1318.3,20231,738
2023-01-18,Facebook,1482.16,24107,252
2023-01-18,Instagram,1106.11,15466,178
2023-01-18,YouTube,766.23,9442,113
2023-01-18,Google Ads,1002.66,18792,927
2023-01-18,Influencer Marketing,959.81,17375,224
2023-01-19,Facebook,851.84,10467,382
2023-01-19,Instagram,1116.65,19989,566
2023-01-19,YouTube,1198.05,22584,470
2023-01-19,Google Ads,801.31,12700,472
2023-01-19,Influencer Marketing,1059.07,11239,528
2023-01-20,Facebook,1061.58,20696,1018
2023-01-20,Instagram,1224.12,16232,463
2023-01-20,YouTube,990.72,17633,662
2023-01-20,Google Ads,1098.59,21366,953
2023-01-20,Influencer Marketing,1013.62,19702,475
2023-01-21,Facebook,1070.37,16234,171
2023-01-21,Instagram,1000.21,15668,485
2023-01-21,YouTube,1080.53,12432,335
2023-01-21,Google Ads,994.58,13159,605
2023-01-21,Influencer Marketing,1152.4,13431,315
2023-01-22,Facebook,1149.21,15358,408
2023-01-22,Instagram,903.02,10266,470
2023-01-22,YouTube,1267.03,23900,1030
2023-01-22,Google Ads,1215.33,12464,304
2023-01-22,Influencer Marketing,1094.42,20331,785
2023-01-23,Facebook,820.27,11767,401
2023-01-23,Instagram,926.8,13158,497
2023-01-23,YouTube,787.5,14721,618
2023-01-23,Google Ads,827.78,9332,164
2023-01-23,Influencer Marketing,927.72,12483,181
2023-01-24,Facebook,1146.95,18656,854
2023-01-24,Instagram,1100.57,20882,247
2023-01-24,YouTube,1194.95,21765,576
2023-01-24,Google Ads,1314.29,20249,230
2023-01-24,Influencer Marketing,936.09,12583,357
2023-01-25,Facebook,1046.51,17599,269
2023-01-25,Instagram,1258.96,19589,629
2023-01-25,YouTube,947.3,14666,500
2023-01-25,Google Ads,1183.09,18907,839
2023-01-25,Influencer Marketing,1029.2,12897,235
2023-01-26,Facebook,1175.14,15225,498
2023-01-26,Instagram,976.89,11459,127
2023-01-26,YouTube,991.08,12961,601
2023-01-26,Google Ads,922.45,17421,771
2023-01-26,Influencer Marketing,1132.54,16280,238
2023-01-27,Facebook,987.28,18207,485
2023-01-27,Instagram,1109.48,13155,281
2023-01-27,YouTube,1011.61,18151,666
2023-01-27,Google Ads,917.05,17330,722
2023-01-27,Influencer Marketing,996.99,13626,607
2023-01-28,Facebook,911.89,16096,312
2023-01-28,Instagram,1024.28,18247,210
2023-01-28,YouTube,1195.91,23617,378
2023-01-28,Google Ads,765.32,13273,545
2023-01-28,Influencer Marketing,1045.29,14451,330
2023-01-29,Facebook,899.18,11976,187
2023-01-29,Instagram,897.14,12803,636
2023-01-29,YouTube,916.07,17687,392
2023-01-29,Google Ads,1039.7,11857,534
2023-01-29,Influencer Marketing,1026.42,11810,253
2023-01-30,Facebook,1040.99,15687,735
2023-01-30,Instagram,684.86,12620,270
2023-01-30,YouTube,1118.36,14816,715
2023-01-30,Google Ads,811.24,9143,152
2023-01-30,Influencer Marketing,848.68,16897,192
2023-01-31,Facebook,838.49,9097,264
2023-01-31,Instagram,795.35,13782,588
2023-01-31,YouTube,1117.19,15431,329
2023-01-31,Google Ads,833.85,13196,499
2023-01-31,Influencer Marketing,967.83,12208,399
2023-02-01,Facebook,914.32,18108,337
2023-02-01,Instagram,1088.52,11510,254
2023-02-01,YouTube,934.87,10339,167
2023-02-01,Google Ads,862.93,11574,510
2023-02-01,Influencer Marketing,1081.34,21411,995
2023-02-02,Facebook,877.07,15035,481
2023-02-02,Instagram,774.48,14255,702
2023-02-02,YouTube,685.34,9058,409
2023-02-02,Google Ads,749.29,11746,443
2023-02-02,Influencer Marketing,1260.01,17734,517
2023-02-03,Facebook,1118.09,20690,713
2023-02-03,Instagram,656.78,8631,224
2023-02-03,YouTube,872.09,16200,668
2023-02-03,Google Ads,926.2,12425,293
2023-02-03,Influencer Marketing,839.57,9056,92
2023-02-04,Facebook,698.52,10881,480
2023-02-04,Instagram,1260.22,18475,270
2023-02-04,YouTube,845.43,12225,172
2023-02-04,Google Ads,700.98,11857,403
2023-02-04,Influencer Marketing,780.22,12678,169
2023-02-05,Facebook,1472.75,16702,185
2023-02-05,Instagram,706.56,13313,226
2023-02-05,YouTube,1185.57,23515,611
2023-02-05,Google Ads,772.87,9538,412
2023-02-05,Influencer Marketing,865.79,14437,319
2023-02-06,Facebook,966.48,17809,465
2023-02-06,Instagram,986.63,15191,651
2023-02-06,YouTube,979.81,18703,695
2023-02-06,Google Ads,769.83,7884,317
2023-02-06,Influencer Marketing,911.13,17098,545
2023-02-07,Facebook,700.15,12330,227
2023-02-07,Instagram,797.41,12278,376
2023-02-07,YouTube,878.55,15359,433
2023-02-07,Google Ads,718.39,9594,176
2023-02-07,Influencer Marketing,1359.96,17872,695
2023-02-08,Facebook,977.34,17193,455
2023-02-08,Instagram,1073.31,18121,235
2023-02-08,YouTube,1120.2,22182,276
2023-02-08,Google Ads,876.86,9702,389
2023-02-08,Influencer Marketing,883.29,17415,388
2023-02-09,Facebook,1263.57,17692,876
2023-02-09,Instagram,1435.72,17621,308
2023-02-09,YouTube,1087.83,14796,370
2023-02-09,Google Ads,934.42,11880,449
2023-02-09,Influencer Marketing,983.15,15723,625
2023-02-10,Facebook,1197.93,13441,428
2023-02-10,Instagram,937.92,10546,429
2023-02-10,YouTube,866.77,15282,458
2023-02-10,Google Ads,976.84,15269,542
2023-02-10,Influencer Marketing,909.51,18033,686
2023-02-11,Facebook,986.08,14792,417
2023-02-11,Instagram,983.63,18813,797
2023-02-11,YouTube,1150.47,17448,509
2023-02-11,Google Ads,1019.12,16136,162
2023-02-11,Influencer Marketing,971.06,16436,669
2023-02-12,Facebook,924.28,11757,348
2023-02-12,Instagram,1084.1,13461,357
2023-02-12,YouTube,1302.59,14006,264
2023-02-12,Google Ads,1109.95,21303,846
2023-02-12,Influencer Marketing,1159.44,15921,234
2023-02-13,Facebook,1603.99,25551,1002
2023-02-13,Instagram,1404.5,15214,448
2023-02-13,YouTube,1179.23,16631,535
2023-02-13,Google Ads,734.4,13063,173
2023-02-13,Influencer Marketing,1085.87,15813,373
2023-02-14,Facebook,1220.44,20427,324
2023-02-14,Instagram,1077.83,13124,427
2023-02-14,YouTube,901.94,9945,494
2023-02-14,Google Ads,1178.9,18770,529
2023-02-14,Influencer Marketing,941.63,14106,394
2023-02-15,Facebook,1288.36,22251,663
2023-02-15,Instagram,985.82,19434,605
2023-02-15,YouTube,938.22,15111,553
2023-02-15,Google Ads,1555.68,27640,329
2023-02-15,Influencer Marketing,804.65,15561,440
2023-02-16,Facebook,1063.16,17536,312
2023-02-16,Instagram,800.03,12295,255
2023-02-16,YouTube,871.63,15522,160
2023-02-16,Google Ads,786.26,13599,263
2023-02-16,Influencer Marketing,1172.36,16352,733
2023-02-17,Facebook,578.79,8508,412
2023-02-17,Instagram,899.59,15720,224
2023-02-17,YouTube,970.45,10376,148
2023-02-17,Google Ads,697.89,9082,121
2023-02-17,Influencer Marketing,1370.23,13876,264
2023-02-18,Facebook,1153.24,17297,380
2023-02-18,Instagram,553.43,10766,333
2023-02-18,YouTube,676.63,13171,371
2023-02-18,Google Ads,1073.47,15837,318
2023-02-18,Influencer Marketing,751.56,13601,260
2023-02-19,Facebook,934.9,11769,342
2023-02-19,Instagram,1141.85,17663,555
2023-02-19,YouTube,1276.48,18756,802
2023-02-19,Google Ads,1156.56,18882,638
2023-02-19,Influencer Marketing,757.54,9141,392
2023-02-20,Facebook,703.06,9382,306
2023-02-20,Instagram,1200.49,18089,476
2023-02-20,YouTube,1068.55,16224,767
2023-02-20,Google Ads,1008.36,19200,421
2023-02-20,Influencer Marketing,917.03,17327,506
2023-02-21,Facebook,953.98,13760,628
2023-02-21,Instagram,955.84,10593,203
2023-02-21,YouTube,1028.51,16367,454
2023-02-21,Google Ads,1244.36,20951,247
2023-02-21,Influencer Marketing,773.45,12910,595
2023-02-22,Facebook,1087.44,15307,265
2023-02-22,Instagram,1089.74,11802,257
2023-02-22,YouTube,969.7,11612,121
2023-02-22,Google Ads,1353.75,22512,697
2023-02-22,Influencer Marketing,1056.69,15801,485
2023-02-23,Facebook,1050.06,15920,583
2023-02-23,Instagram,1163.06,22021,1022
2023-02-23,YouTube,863.14,8823,393
2023-02-23,Google Ads,969.13,10615,316
2023-02-23,Influencer Marketing,1201.47,16161,696
2023-02-24,Facebook,743.15,13227,457
2023-02-24,Instagram,1068.26,18315,370
2023-02-24,YouTube,996.08,14766,357
2023-02-24,Google Ads,1292.9,15075,463
2023-02-24,Influencer Marketing,1271.17,19108,845
2023-02-25,Facebook,874.63,13332,193
2023-02-25,Instagram,740.09,8715,266
2023-02-25,YouTube,1192.84,15112,429
2023-02-25,Google Ads,929.69,11422,451
2023-02-25,Influencer Marketing,1074.73,19503,262
2023-02-26,Facebook,561.04,10525,407
2023-02-26,Instagram,1261.07,15232,571
2023-02-26,YouTube,964.92,15772,177
2023-02-26,Google Ads,1218.14,13911,601
2023-02-26,Influencer Marketing,1023.55,15743,310
2023-02-27,Facebook,722.52,10058,281
2023-02-27,Instagram,1116.05,15954,257
2023-02-27,YouTube,962.65,15823,162
2023-02-27,Google Ads,1196.61,22407,492
2023-02-27,Influencer Marketing,950.57,15695,618
2023-02-28,Facebook,1020.03,18657,281
2023-02-28,Instagram,896.27,15289,195
2023-02-28,YouTube,879.57,9003,135
2023-02-28,Google Ads,1022.61,11388,556
2023-02-28,Influencer Marketing,1148.06,13416,280
2023-03-01,Facebook,1162.33,21727,529
2023-03-01,Instagram,914.0,13180,601
2023-03-01,YouTube,1380.08,15713,626
2023-03-01,Google Ads,1156.55,11779,161
2023-03-01,Influencer Marketing,1099.85,19762,824
2023-03-02,Facebook,1121.52,21604,341
2023-03-02,Instagram,1381.84,21007,722
2023-03-02,YouTube,1087.02,18545,551
2023-03-02,Google Ads,1224.74,22715,715
2023-03-02,Influencer Marketing,1040.11,10764,406
2023-03-03,Facebook,1210.72,18320,467
2023-03-03,Instagram,964.69,12984,637
2023-03-03,YouTube,773.38,14647,607
2023-03-03,Google Ads,1066.18,12537,271
2023-03-03,Influencer Marketing,1071.06,18856,432
2023-03-04,Facebook,1159.61,19479,455
2023-03-04,Instagram,928.0,18274,318
2023-03-04,YouTube,781.77,14075,333
2023-03-04,Google Ads,862.35,10145,455
2023-03-04,Influencer Marketing,858.23,14577,583
2023-03-05,Facebook,1114.12,15228,457
2023-03-05,Instagram,1179.29,12572,444
2023-03-05,YouTube,765.99,11340,530
2023-03-05,Google Ads,1357.66,18448,489
2023-03-05,Influencer Marketing,621.69,9934,385
2023-03-06,Facebook,698.15,13189,227
2023-03-06,Instagram,1016.62,15568,387
2023-03-06,YouTube,1086.6,15253,438
2023-03-06,Google Ads,399.78,6873,258
2023-03-06,Influencer Marketing,1163.67,19484,787
2023-03-07,Facebook,1003.84,10899,512
2023-03-07,Instagram,1026.54,15806,583
2023-03-07,YouTube,1083.17,13483,149
2023-03-07,Google Ads,931.51,12096,510
2023-03-07,Influencer Marketing,958.77,13369,529
2023-03-08,Facebook,1002.56,11990,183
2023-03-08,Instagram,1410.97,20755,921
2023-03-08,YouTube,602.36,8529,321
2023-03-08,Google Ads,878.8,10546,285
2023-03-08,Influencer Marketing,777.68,9619,474
2023-03-09,Facebook,1329.34,19641,695
2023-03-09,Instagram,789.4,9569,389
2023-03-09,YouTube,917.25,9679,151
2023-03-09,Google Ads,1023.76,16937,266
2023-03-09,Influencer Marketing,1148.75,16529,715
2023-03-10,Facebook,962.46,19130,812
2023-03-10,Instagram,1166.46,15812,676
2023-03-10,YouTube,1303.65,15089,503
2023-03-10,Google Ads,626.6,7261,348
2023-03-10,Influencer Marketing,881.8,9004,268
2023-03-11,Facebook,981.01,11800,374
2023-03-11,Instagram,1087.8,16695,742
2023-03-11,YouTube,1149.28,15393,677
2023-03-11,Google Ads,726.8,12890,186
2023-03-11,Influencer Marketing,972.27,18103,798
2023-03-12,Facebook,1157.13,15478,537
2023-03-12,Instagram,1138.12,18991,197
2023-03-12,YouTube,1123.6,14168,189
2023-03-12,Google Ads,1081.92,16184,200
2023-03-12,Influencer Marketing,884.89,11325,429
2023-03-13,Facebook,1187.32,13941,345
2023-03-13,Instagram,838.62,11278,267
2023-03-13,YouTube,977.62,11878,178
2023-03-13,Google Ads,1180.81,14140,594
2023-03-13,Influencer Marketing,737.92,9106,291
2023-03-14,Facebook,1035.3,14615,535
2023-03-14,Instagram,1021.25,13893,150
2023-03-14,YouTube,1066.73,13879,477
2023-03-14,Google Ads,867.16,9831,488
2023-03-14,Influencer Marketing,1323.54,13912,427
2023-03-15,Facebook,847.91,8594,171
2023-03-15,Instagram,952.6,17843,435
2023-03-15,YouTube,1160.14,15388,757
2023-03-15,Google Ads,900.23,12962,468
2023-03-15,Influencer Marketing,1012.91,14112,328
2023-03-16,Facebook,1173.81,22773,840
2023-03-16,Instagram,1072.38,17128,663
2023-03-16,YouTube,1353.99,14443,568
2023-03-16,Google Ads,833.68,12468,547
2023-03-16,Influencer Marketing,1219.14,24034,601
2023-03-17,Facebook,961.29,13884,390
2023-03-17,Instagram,1068.9,13702,652
2023-03-17,YouTube,941.92,12333,522
2023-03-17,Google Ads,1065.31,13938,221
2023-03-17,Influencer Marketing,954.78,18680,477
2023-03-18,Facebook,764.51,10708,332
2023-03-18,Instagram,937.32,9709,246
2023-03-18,YouTube,833.66,9067,377
2023-03-18,Google Ads,859.06,16220,176
2023-03-18,Influencer Marketing,919.97,11839,247
2023-03-19,Facebook,1194.37,20492,684
2023-03-19,Instagram,1348.51,23513,776
2023-03-19,YouTube,1268.13,13799,588
2023-03-19,Google Ads,846.67,15172,549
2023-03-19,Influencer Marketing,918.58,16154,419
2023-03-20,Facebook,1022.74,11464,198
2023-03-20,Instagram,1066.18,16269,297
2023-03-20,YouTube,823.59,15100,635
2023-03-20,Google Ads,1017.67,13584,280
2023-03-20,Influencer Marketing,930.37,12433,560
2023-03-21,Facebook,812.57,8928,310
2023-03-21,Instagram,948.5,15646,424
2023-03-21,YouTube,740.87,9667,418
2023-03-21,Google Ads,811.86,10927,358
2023-03-21,Influencer Marketing,1218.17,19261,746
2023-03-22,Facebook,718.42,13286,223
2023-03-22,Instagram,1252.59,20771,971
2023-03-22,YouTube,1028.75,16784,584
2023-03-22,Google Ads,1084.54,13355,364
2023-03-22,Influencer Marketing,949.86,10732,397
2023-03-23,Facebook,769.93,9992,496
2023-03-23,Instagram,1076.33,19897,638
2023-03-23,YouTube,1205.67,18473,671
2023-03-23,Google Ads,1054.02,18515,315
2023-03-23,Influencer Marketing,1150.81,13772,661
2023-03-24,Facebook,994.37,13407,196
2023-03-24,Instagram,921.2,9490,431
2023-03-24,YouTube,1134.17,20302,662
2023-03-24,Google Ads,686.33,10110,232
2023-03-24,Influencer Marketing,729.02,13023,407
2023-03-25,Facebook,991.64,18013,890
2023-03-25,Instagram,853.2,12774,138
2023-03-25,YouTube,1100.92,13369,364
2023-03-25,Google Ads,838.61,12455,242
2023-03-25,Influencer Marketing,1170.66,22638,249
2023-03-26,Facebook,1036.0,13767,485
2023-03-26,Instagram,1219.88,19574,347
2023-03-26,YouTube,579.4,5892,139
2023-03-26,Google Ads,973.28,17124,239
2023-03-26,Influencer Marketing,915.45,15744,592
2023-03-27,Facebook,695.0,13170,246
2023-03-27,Instagram,1050.93,14167,648
2023-03-27,YouTube,863.47,14275,518
2023-03-27,Google Ads,831.61,12134,420
2023-03-27,Influencer Marketing,795.91,11480,474
2023-03-28,Facebook,910.78,9306,105
2023-03-28,Instagram,1083.18,11221,559
2023-03-28,YouTube,1359.12,14088,267
2023-03-28,Google Ads,1081.16,20583,205
2023-03-28,Influencer Marketing,898.82,14770,698
2023-03-29,Facebook,981.69,10111,145
2023-03-29,Instagram,1101.09,16977,697
2023-03-29,YouTube,893.02,14567,386
2023-03-29,Google Ads,931.41,17636,195
2023-03-29,Influencer Marketing,1008.86,19081,654
2023-03-30,Facebook,976.98,15159,535
2023-03-30,Instagram,1163.68,18163,287
2023-03-30,YouTube,1284.96,25167,914
2023-03-30,Google Ads,1056.99,19653,211
2023-03-30,Influencer Marketing,784.83,13812,206
2023-03-31,Facebook,923.09,11860,497
2023-03-31,Instagram,806.31,8343,345
2023-03-31,YouTube,1200.56,19788,437
2023-03-31,Google Ads,733.07,8993,170
2023-03-31,Influencer Marketing,956.24,17487,856
2023-04-01,Facebook,607.39,7610,373
2023-04-01,Instagram,1068.09,17520,452
2023-04-01,YouTube,1020.74,10501,142
2023-04-01,Google Ads,949.57,14016,557
2023-04-01,Influencer Marketing,577.14,11098,487
2023-04-02,Facebook,1085.26,21084,543
2023-04-02,Instagram,752.28,9097,266
2023-04-02,YouTube,1228.84,12352,369
2023-04-02,Google Ads,1099.55,11779,534
2023-04-02,Influencer Marketing,1081.35,15370,547
2023-04-03,Facebook,638.29,9364,399
2023-04-03,Instagram,1039.84,19033,461
2023-04-03,YouTube,1079.83,11297,253
2023-04-03,Google Ads,954.65,16946,326
2023-04-03,Influencer Marketing,604.26,9682,434
2023-04-04,Facebook,1018.5,15222,535
2023-04-04,Instagram,1001.54,11155,298
2023-04-04,YouTube,1184.27,15543,701
2023-04-04,Google Ads,754.17,13094,397
2023-04-04,Influencer Marketing,900.71,15098,570
2023-04-05,Facebook,860.98,16113,521
2023-04-05,Instagram,712.18,11224,489
2023-04-05,YouTube,1183.45,13909,383
2023-04-05,Google Ads,821.99,13347,620
2023-04-05,Influencer Marketing,1109.24,20050,903
2023-04-06,Facebook,754.54,10257,406
2023-04-06,Instagram,757.01,11028,195
2023-04-06,YouTube,1325.74,13768,488
2023-04-06,Google Ads,850.43,14349,348
2023-04-06,Influencer Marketing,1220.61,20988,591
2023-04-07,Facebook,915.48,13578,386
2023-04-07,Instagram,786.78,14171,664
2023-04-07,YouTube,1167.49,16650,588
2023-04-07,Google Ads,1371.59,13942,194
2023-04-07,Influencer Marketing,1006.28,12791,177
2023-04-08,Facebook,1300.13,18106,855
2023-04-08,Instagram,993.36,18028,649
2023-04-08,YouTube,1052.77,14547,511
2023-04-08,Google Ads,1030.26,16144,571
2023-04-08,Influencer Marketing,1342.66,17581,760
2023-04-09,Facebook,820.04,16297,478
2023-04-09,Instagram,979.21,11052,527
2023-04-09,YouTube,762.35,13072,196
2023-04-09,Google Ads,1037.89,18636,848
2023-04-09,Influencer Marketing,1202.98,19761,400
2023-04-10,Facebook,833.73,11025,152
2023-04-10,Instagram,739.9,12469,139
2023-04-10,YouTube,1016.56,16752,827
2023-04-10,Google Ads,1111.6,18842,426
2023-04-10,Influencer Marketing,750.82,9183,297
2023-04-11,Facebook,970.05,15129,719
2023-04-11,Instagram,1159.24,13534,321
2023-04-11,YouTube,1366.94,18517,737
2023-04-11,Google Ads,971.29,18286,713
2023-04-11,Influencer Marketing,1201.15,14200,591
2023-04-12,Facebook,1058.66,14906,513
2023-04-12,Instagram,839.55,10732,442
2023-04-12,YouTube,751.33,8978,430
2023-04-12,Google Ads,612.28,9741,176
2023-04-12,Influencer Marketing,1069.86,15003,184
2023-04-13,Facebook,625.66,7518,219
2023-04-13,Instagram,1031.75,15412,295
2023-04-13,YouTube,850.24,12030,477
2023-04-13,Google Ads,768.03,9739,368
2023-04-13,Influencer Marketing,744.52,7890,241
2023-04-14,Facebook,1183.99,18212,778
2023-04-14,Instagram,1093.71,14199,364
2023-04-14,YouTube,901.19,11100,470
2023-04-14,Google Ads,965.09,12245,351
2023-04-14,Influencer Marketing,1035.1,12448,265
2023-04-15,Facebook,937.39,12475,623
2023-04-15,Instagram,619.11,9995,425
2023-04-15,YouTube,1139.13,15264,181
2023-04-15,Google Ads,943.25,18331,857
2023-04-15,Influencer Marketing,1170.19,20221,953
2023-04-16,Facebook,1025.43,17148,793
2023-04-16,Instagram,1083.33,15396,755
2023-04-16,YouTube,939.76,10297,383
2023-04-16,Google Ads,935.4,9938,184
2023-04-16,Influencer Marketing,689.38,11150,182
2023-04-17,Facebook,1118.14,19825,418
2023-04-17,Instagram,952.85,11970,189
2023-04-17,YouTube,982.67,18479,237
2023-04-17,Google Ads,858.87,10342,514
2023-04-17,Influencer Marketing,990.69,19364,877
2023-04-18,Facebook,1298.71,23463,643
2023-04-18,Instagram,654.54,11080,522
2023-04-18,YouTube,810.54,13697,286
2023-04-18,Google Ads,1117.43,19344,222
2023-04-18,Influencer Marketing,908.03,14715,480
2023-04-19,Facebook,1289.81,23943,912
2023-04-19,Instagram,1012.4,15706,459
2023-04-19,YouTube,1120.24,11584,529
2023-04-19,Google Ads,1358.69,26753,344
2023-04-19,Influencer Marketing,1119.37,14782,678
2023-04-20,Facebook,638.54,7136,226
2023-04-20,Instagram,887.7,14105,477
2023-04-20,YouTube,1086.97,18705,893
2023-04-20,Google Ads,1130.04,16965,799
2023-04-20,Influencer Marketing,1474.01,25906,1160
2023-04-21,Facebook,797.7,10754,272
2023-04-21,Instagram,1477.19,27633,351
2023-04-21,YouTube,694.45,8990,297
2023-04-21,Google Ads,1235.81,20587,434
2023-04-21,Influencer Marketing,976.18,14363,324
2023-04-22,Facebook,685.68,10375,493
2023-04-22,Instagram,947.76,15366,751
2023-04-22,YouTube,898.01,16469,737
2023-04-22,Google Ads,1011.49,19481,957
2023-04-22,Influencer Marketing,909.35,9153,211
2023-04-23,Facebook,1391.55,21569,615
2023-04-23,Instagram,1061.29,11538,378
2023-04-23,YouTube,922.25,10697,168
2023-04-23,Google Ads,717.98,13344,151
2023-04-23,Influencer Marketing,1338.89,14373,671
2023-04-24,Facebook,1120.54,13863,187
2023-04-24,Instagram,1261.68,15013,405
2023-04-24,YouTube,1131.19,12557,132
2023-04-24,Google Ads,802.63,11153,167
2023-04-24,Influencer Marketing,820.79,16309,812
2023-04-25,Facebook,1051.66,18037,683
2023-04-25,Instagram,1178.43,21616,386
2023-04-25,YouTube,800.74,14707,435
2023-04-25,Google Ads,912.47,15191,754
2023-04-25,Influencer Marketing,1242.56,15921,180
2023-04-26,Facebook,762.4,8412,244
2023-04-26,Instagram,1030.61,11366,507
2023-04-26,YouTube,1225.6,16493,204
2023-04-26,Google Ads,898.13,13583,507
2023-04-26,Influencer Marketing,1073.68,20538,297
2023-04-27,Facebook,924.19,11542,495
2023-04-27,Instagram,742.37,14187,408
2023-04-27,YouTube,964.34,15381,396
2023-04-27,Google Ads,976.71,10735,477
2023-04-27,Influencer Marketing,673.55,10967,454
2023-04-28,Facebook,763.11,10124,261
2023-04-28,Instagram,1157.6,12645,575
2023-04-28,YouTube,603.31,6936,325
2023-04-28,Google Ads,665.64,13183,597
2023-04-28,Influencer Marketing,962.72,11412,472
2023-04-29,Facebook,842.22,14680,295
2023-04-29,Instagram,654.72,10425,419
2023-04-29,YouTube,1238.99,23218,647
2023-04-29,Google Ads,1022.79,15941,514
2023-04-29,Influencer Marketing,836.82,10304,404
2023-04-30,Facebook,929.56,16474,325
2023-04-30,Instagram,1167.88,18892,578
2023-04-30,YouTube,1427.1,21469,594
2023-04-30,Google Ads,895.38,9483,386
2023-04-30,Influencer Marketing,913.03,18141,200
2023-05-01,Facebook,1000.46,16905,798
2023-05-01,Instagram,1046.31,16799,476
2023-05-01,YouTube,653.5,7077,82
2023-05-01,Google Ads,1077.97,18568,318
2023-05-01,Influencer Marketing,1147.71,20344,347
2023-05-02,Facebook,896.44,11988,191
2023-05-02,Instagram,1182.65,14100,386
2023-05-02,YouTube,926.68,17275,439
2023-05-02,Google Ads,1149.57,19247,337
2023-05-02,Influencer Marketing,892.99,11249,532
2023-05-03,Facebook,994.81,12431,178
2023-05-03,Instagram,788.86,10470,461
2023-05-03,YouTube,1091.37,16270,651
2023-05-03,Google Ads,1090.48,13635,340
2023-05-03,Influencer Marketing,823.97,9459,183
2023-05-04,Facebook,1099.71,16075,161
2023-05-04,Instagram,1167.23,22909,941
2023-05-04,YouTube,818.12,16265,604
2023-05-04,Google Ads,1007.32,11944,321
2023-05-04,Influencer Marketing,838.94,11486,256
2023-05-05,Facebook,818.4,12742,493
2023-05-05,Instagram,817.38,15321,542
2023-05-05,YouTube,1123.17,16700,810
2023-05-05,Google Ads,682.76,11475,247
2023-05-05,Influencer Marketing,886.31,17676,576
2023-05-06,Facebook,865.79,9917,350
2023-05-06,Instagram,1418.02,26503,353
2023-05-06,YouTube,816.91,15256,332
2023-05-06,Google Ads,1519.37,29140,603
2023-05-06,Influencer Marketing,1183.53,15444,742
2023-05-07,Facebook,829.72,11844,195
2023-05-07,Instagram,1074.99,13881,607
2023-05-07,YouTube,940.09,10934,455
2023-05-07,Google Ads,1370.74,19892,288
2023-05-07,Influencer Marketing,1187.67,23099,352
2023-05-08,Facebook,920.13,13304,590
2023-05-08,Instagram,1030.25,15691,454
2023-05-08,YouTube,1162.79,17991,358
2023-05-08,Google Ads,1183.74,21562,342
2023-05-08,Influencer Marketing,946.26,13694,329
2023-05-09,Facebook,772.59,8905,96
2023-05-09,Instagram,1221.25,20190,987
2023-05-09,YouTube,1031.94,17499,781
2023-05-09,Google Ads,960.24,17199,340
2023-05-09,Influencer Marketing,1290.21,23442,506
2023-05-10,Facebook,1396.64,19701,828
2023-05-10,Instagram,977.52,17239,695
2023-05-10,YouTube,986.81,18099,255
2023-05-10,Google Ads,570.03,10145,429
2023-05-10,Influencer Marketing,641.87,9749,213
2023-05-11,Facebook,892.39,10382,187
2023-05-11,Instagram,747.87,12315,586
2023-05-11,YouTube,1140.59,16926,819
2023-05-11,Google Ads,858.81,9996,434
2023-05-11,Influencer Marketing,921.94,12259,338
2023-05-12,Facebook,1052.45,12159,552
2023-05-12,Instagram,1080.44,21424,816
2023-05-12,YouTube,1045.49,11289,445
2023-05-12,Google Ads,961.98,18196,231
2023-05-12,Influencer Marketing,961.14,9714,104
2023-05-13,Facebook,537.27,6629,227
2023-05-13,Instagram,882.34,10485,484
2023-05-13,YouTube,1058.06,12383,497
2023-05-13,Google Ads,900.82,9495,451
2023-05-13,Influencer Marketing,1079.77,11985,465
2023-05-14,Facebook,928.36,16495,168
2023-05-14,Instagram,1093.47,21759,938
2023-05-14,YouTube,933.8,15704,192
2023-05-14,Google Ads,1248.98,16943,810
2023-05-14,Influencer Marketing,900.38,15559,455
2023-05-15,Facebook,689.77,13221,478
2023-05-15,Instagram,744.05,13624,390
2023-05-15,YouTube,954.02,18189,526
2023-05-15,Google Ads,681.25,8911,365
2023-05-15,Influencer Marketing,1111.21,16546,430
2023-05-16,Facebook,909.0,18017,461
2023-05-16,Instagram,1295.96,20479,757
2023-05-16,YouTube,1189.17,12638,436
2023-05-16,Google Ads,1226.78,24218,479
2023-05-16,Influencer Marketing,1041.12,15151,328
2023-05-17,Facebook,887.38,9385,385
2023-05-17,Instagram,992.68,18953,683
2023-05-17,YouTube,1026.28,10274,106
2023-05-17,Google Ads,1416.81,26073,324
2023-05-17,Influencer Marketing,1039.19,19243,501
2023-05-18,Facebook,1077.76,19061,646
2023-05-18,Instagram,1171.27,22457,607
2023-05-18,YouTube,950.22,10509,233
2023-05-18,Google Ads,1145.52,14112,176
2023-05-18,Influencer Marketing,484.62,5421,156
2023-05-19,Facebook,991.37,16207,315
2023-05-19,Instagram,756.33,8774,307
2023-05-19,YouTube,1029.17,16200,303
2023-05-19,Google Ads,1407.8,21550,588
2023-05-19,Influencer Marketing,863.98,9391,246
2023-05-20,Facebook,800.65,13458,256
2023-05-20,Instagram,822.52,11377,317
2023-05-20,YouTube,1106.12,16264,456
2023-05-20,Google Ads,1332.37,25144,573
2023-05-20,Influencer Marketing,782.14,14096,221
2023-05-21,Facebook,1182.96,21709,234
2023-05-21,Instagram,1177.3,18484,199
2023-05-21,YouTube,945.42,10886,515
2023-05-21,Google Ads,843.22,13936,635
2023-05-21,Influencer Marketing,1216.99,15303,597
2023-05-22,Facebook,1099.55,20564,789
2023-05-22,Instagram,1075.66,18490,442
2023-05-22,YouTube,1447.07,15685,436
2023-05-22,Google Ads,963.49,9913,448
2023-05-22,Influencer Marketing,1021.22,13424,649
2023-05-23,Facebook,905.65,10002,470
2023-05-23,Instagram,1049.36,19928,365
2023-05-23,YouTube,399.93,6866,114
2023-05-23,Google Ads,1306.72,19227,680
2023-05-23,Influencer Marketing,802.88,11936,262
2023-05-24,Facebook,1208.17,12704,528
2023-05-24,Instagram,1142.61,12319,206
2023-05-24,YouTube,576.96,9929,203
2023-05-24,Google Ads,1421.44,15015,428
2023-05-24,Influencer Marketing,763.82,12722,165
2023-05-25,Facebook,652.32,6967,159
2023-05-25,Instagram,1048.79,13763,361
2023-05-25,YouTube,1257.26,21320,427
2023-05-25,Google Ads,1009.98,10926,519
2023-05-25,Influencer Marketing,1468.72,16954,314
2023-05-26,Facebook,841.98,13596,209
2023-05-26,Instagram,631.04,6843,305
2023-05-26,YouTube,793.33,14064,385
2023-05-26,Google Ads,911.66,13379,312
2023-05-26,Influencer Marketing,1277.96,25513,912
2023-05-27,Facebook,810.09,14703,617
2023-05-27,Instagram,1193.73,18674,445
2023-05-27,YouTube,638.39,8548,205
2023-05-27,Google Ads,991.47,16483,521
2023-05-27,Influencer Marketing,634.31,10788,347
2023-05-28,Facebook,1085.02,17511,237
2023-05-28,Instagram,1485.9,15787,397
2023-05-28,YouTube,844.79,13718,485
2023-05-28,Google Ads,1015.07,12406,619
2023-05-28,Influencer Marketing,1170.84,18300,372
2023-05-29,Facebook,1108.45,13691,441
2023-05-29,Instagram,671.19,11784,367
2023-05-29,YouTube,1217.85,21269,418
2023-05-29,Google Ads,1021.39,11090,119
2023-05-29,Influencer Marketing,995.17,10884,460
2023-05-30,Facebook,1066.25,19002,650
2023-05-30,Instagram,875.45,10925,258
2023-05-30,YouTube,580.56,9153,287
2023-05-30,Google Ads,834.27,16538,654
2023-05-30,Influencer Marketing,1043.89,18908,883
2023-05-31,Facebook,1355.35,16866,483
2023-05-31,Instagram,1000.74,18821,496
2023-05-31,YouTube,790.21,11594,521
2023-05-31,Google Ads,1093.06,16061,578
2023-05-31,Influencer Marketing,1138.6,12906,494
2023-06-01,Facebook,1056.15,15761,306
2023-06-01,Instagram,809.75,10820,291
2023-06-01,YouTube,985.3,15390,223
2023-06-01,Google Ads,902.35,14410,234
2023-06-01,Influencer Marketing,1117.48,14883,507
2023-06-02,Facebook,854.42,10115,340
2023-06-02,Instagram,619.02,6287,184
2023-06-02,YouTube,860.96,15312,308
2023-06-02,Google Ads,1034.19,14762,158
2023-06-02,Influencer Marketing,1198.99,21965,1015
2023-06-03,Facebook,884.72,12876,622
2023-06-03,Instagram,1016.88,14679,685
2023-06-03,YouTube,1178.3,17436,230
2023-06-03,Google Ads,489.94,7463,334
2023-06-03,Influencer Marketing,982.5,11197,417
2023-06-04,Facebook,1032.66,19230,748
2023-06-04,Instagram,1279.01,19889,680
2023-06-04,YouTube,876.78,15444,629
2023-06-04,Google Ads,1089.7,13202,261
2023-06-04,Influencer Marketing,760.83,9782,285
2023-06-05,Facebook,1237.11,19493,675
2023-06-05,Instagram,945.6,12599,571
2023-06-05,YouTube,964.99,13715,678
2023-06-05,Google Ads,909.63,14856,342
2023-06-05,Influencer Marketing,1131.96,20534,459
2023-06-06,Facebook,893.77,17384,237
2023-06-06,Instagram,1231.86,12663,141
2023-06-06,YouTube,1059.81,16194,373
2023-06-06,Google Ads,828.48,14464,662
2023-06-06,Influencer Marketing,955.69,10857,271
2023-06-07,Facebook,1131.35,17429,445
2023-06-07,Instagram,1334.6,21380,972
2023-06-07,YouTube,982.15,15394,286
2023-06-07,Google Ads,1158.76,21130,1056
2023-06-07,Influencer Marketing,749.35,14686,290
2023-06-08,Facebook,810.15,9742,106
2023-06-08,Instagram,1120.64,14868,743
2023-06-08,YouTube,1114.22,13372,472
2023-06-08,Google Ads,1223.84,21033,285
2023-06-08,Influencer Marketing,784.51,15410,762
2023-06-09,Facebook,900.55,9205,128
2023-06-09,Instagram,1271.48,21791,749
2023-06-09,YouTube,885.2,16061,237
2023-06-09,Google Ads,1164.87,13516,505
2023-06-09,Influencer Marketing,721.14,9695,149
2023-06-10,Facebook,811.3,9203,112
2023-06-10,Instagram,1250.82,23850,714
2023-06-10,YouTube,1047.04,12234,583
2023-06-10,Google Ads,1118.46,11484,417
2023-06-10,Influencer Marketing,1075.23,20175,916
2023-06-11,Facebook,995.01,15885,340
2023-06-11,Instagram,795.39,11782,153
2023-06-11,YouTube,1053.49,13854,551
2023-06-11,Google Ads,918.66,11976,246
2023-06-11,Influencer Marketing,1256.56,15269,726
2023-06-12,Facebook,1047.15,19205,219
2023-06-12,Instagram,1025.09,14654,732
2023-06-12,YouTube,1146.4,17790,475
2023-06-12,Google Ads,721.9,13627,522
2023-06-12,Influencer Marketing,911.54,12146,494
2023-06-13,Facebook,1246.65,13737,216
2023-06-13,Instagram,1272.44,14909,702
2023-06-13,YouTube,1049.02,18321,406
2023-06-13,Google Ads,1009.53,16798,269
2023-06-13,Influencer Marketing,741.91,8123,339
2023-06-14,Facebook,697.41,11362,129
2023-06-14,Instagram,1083.7,21623,587
2023-06-14,YouTube,725.83,10168,123
2023-06-14,Google Ads,1053.15,16919,581
2023-06-14,Influencer Marketing,980.92,17110,765
2023-06-15,Facebook,1103.22,18716,406
2023-06-15,Instagram,887.31,12284,566
2023-06-15,YouTube,671.64,8966,363
2023-06-15,Google Ads,1013.41,14003,444
2023-06-15,Influencer Marketing,1111.59,15521,259
2023-06-16,Facebook,785.56,8216,298
2023-06-16,Instagram,1138.23,12412,311
2023-06-16,YouTube,863.99,13308,310
2023-06-16,Google Ads,840.1,9531,118
2023-06-16,Influencer Marketing,1363.77,19367,657
2023-06-17,Facebook,1005.87,11358,532
2023-06-17,Instagram,998.56,19000,651
2023-06-17,YouTube,759.09,14612,572
2023-06-17,Google Ads,1340.17,25957,479
2023-06-17,Influencer Marketing,1316.32,24065,1006
2023-06-18,Facebook,691.87,12894,162
2023-06-18,Instagram,769.73,8470,154
2023-06-18,YouTube,1147.92,12654,240
2023-06-18,Google Ads,992.04,12862,206
2023-06-18,Influencer Marketing,1050.43,12992,494
2023-06-19,Facebook,734.08,13965,306
2023-06-19,Instagram,1071.68,18321,290
2023-06-19,YouTube,1038.49,17755,725
2023-06-19,Google Ads,703.78,8790,373
2023-06-19,Influencer Marketing,1277.75,16789,431
2023-06-20,Facebook,1392.18,18593,532
2023-06-20,Instagram,798.01,9638,331
2023-06-20,YouTube,1094.27,12120,443
2023-06-20,Google Ads,950.52,18519,852
2023-06-20,Influencer Marketing,1028.75,19567,881
2023-06-21,Facebook,847.7,8878,106
2023-06-21,Instagram,1057.48,12195,482
2023-06-21,YouTube,1317.74,18288,430
2023-06-21,Google Ads,884.27,16451,675
2023-06-21,Influencer Marketing,1102.85,15963,653
2023-06-22,Facebook,735.55,14237,332
2023-06-22,Instagram,797.34,15748,177
2023-06-22,YouTube,1079.43,18348,718
2023-06-22,Google Ads,761.03,14818,444
2023-06-22,Influencer Marketing,895.64,10947,409
2023-06-23,Facebook,1199.81,14212,695
2023-06-23,Instagram,575.75,11391,253
2023-06-23,YouTube,1152.0,13143,448
2023-06-23,Google Ads,827.0,15640,471
2023-06-23,Influencer Marketing,1042.18,10595,133
2023-06-24,Facebook,742.88,7977,274
2023-06-24,Instagram,1027.22,16266,791
2023-06-24,YouTube,855.8,8633,267
2023-06-24,Google Ads,938.08,11950,443
2023-06-24,Influencer Marketing,1300.23,15333,676
2023-06-25,Facebook,941.06,15280,550
2023-06-25,Instagram,1116.17,11794,427
2023-06-25,YouTube,1217.09,23578,273
2023-06-25,Google Ads,810.46,12627,558
2023-06-25,Influencer Marketing,1078.08,13035,586
2023-06-26,Facebook,981.66,16720,720
2023-06-26,Instagram,1133.03,20948,558
2023-06-26,YouTube,454.38,5010,222
2023-06-26,Google Ads,1126.28,19881,832
2023-06-26,Influencer Marketing,921.96,11265,341
2023-06-27,Facebook,1140.21,21329,527
2023-06-27,Instagram,956.75,14378,350
2023-06-27,YouTube,1097.9,16769,643
2023-06-27,Google Ads,1033.02,20338,329
2023-06-27,Influencer Marketing,689.13,11390,317
2023-06-28,Facebook,1018.69,17918,556
2023-06-28,Instagram,851.44,13569,629
2023-06-28,YouTube,1058.79,19366,461
2023-06-28,Google Ads,793.58,13436,543
2023-06-28,Influencer Marketing,707.86,7686,343
2023-06-29,Facebook,801.1,13152,526
2023-06-29,Instagram,811.82,15780,400
2023-06-29,YouTube,997.52,15450,611
2023-06-29,Google Ads,699.46,10875,452
2023-06-29,Influencer Marketing,874.45,12650,492
2023-06-30,Facebook,849.85,16350,754
2023-06-30,Instagram,932.19,11864,272
2023-06-30,YouTube,872.53,14712,231
2023-06-30,Google Ads,935.48,17299,209
2023-06-30,Influencer Marketing,1115.77,17611,751
2023-07-01,Facebook,722.06,10525,469
2023-07-01,Instagram,975.12,9901,128
2023-07-01,YouTube,711.28,13145,644
2023-07-01,Google Ads,1340.54,26279,770
2023-07-01,Influencer Marketing,872.46,14685,251
2023-07-02,Facebook,1020.3,13371,338
2023-07-02,Instagram,1252.86,15849,297
2023-07-02,YouTube,924.65,15316,475
2023-07-02,Google Ads,1091.32,12699,470
2023-07-02,Influencer Marketing,1133.61,11560,481
2023-07-03,Facebook,1043.55,20832,491
2023-07-03,Instagram,716.04,13255,645
2023-07-03,YouTube,992.61,11226,122
2023-07-03,Google Ads,1043.62,12368,603
2023-07-03,Influencer Marketing,1062.57,14100,628
2023-07-04,Facebook,1024.89,12325,465
2023-07-04,Instagram,658.41,8030,353
2023-07-04,YouTube,856.54,13832,158
2023-07-04,Google Ads,954.36,15524,414
2023-07-04,Influencer Marketing,633.94,10217,218
2023-07-05,Facebook,1047.72,14649,213
2023-07-05,Instagram,1172.98,12871,619
2023-07-05,YouTube,845.72,15815,537
2023-07-05,Google Ads,875.02,17359,638
2023-07-05,Influencer Marketing,978.86,11340,251
2023-07-06,Facebook,1047.07,13357,575
2023-07-06,Instagram,1161.3,12174,575
2023-07-06,YouTube,1170.84,18827,590
2023-07-06,Google Ads,1226.88,19216,718
2023-07-06,Influencer Marketing,1330.46,15932,672
2023-07-07,Facebook,1036.58,17965,384
2023-07-07,Instagram,1207.33,21625,616
2023-07-07,YouTube,720.85,11724,262
2023-07-07,Google Ads,657.93,9895,474
2023-07-07,Influencer Marketing,1097.44,18744,304
2023-07-08,Facebook,1124.1,16320,772
2023-07-08,Instagram,938.66,12761,342
2023-07-08,YouTube,1066.45,12287,367
2023-07-08,Google Ads,803.02,15100,726
2023-07-08,Influencer Marketing,865.47,14968,404
2023-07-09,Facebook,902.38,12914,472
2023-07-09,Instagram,1037.32,15959,492
2023-07-09,YouTube,1214.41,13512,602
2023-07-09,Google Ads,641.48,12647,567
2023-07-09,Influencer Marketing,1196.08,22882,448
2023-07-10,Facebook,719.31,12054,299
2023-07-10,Instagram,934.96,15683,202
2023-07-10,YouTube,1166.5,22815,602
2023-07-10,Google Ads,888.78,16877,329
2023-07-10,Influencer Marketing,1194.62,15880,777
2023-07-11,Facebook,1335.27,15451,642
2023-07-11,Instagram,1164.44,12801,472
2023-07-11,YouTube,1158.74,18706,400
2023-07-11,Google Ads,1137.78,12906,417
2023-07-11,Influencer Marketing,1210.09,19298,704
2023-07-12,Facebook,1183.01,19783,750
2023-07-12,Instagram,1238.61,12870,512
2023-07-12,YouTube,1111.1,11726,324
2023-07-12,Google Ads,1152.3,20183,409
2023-07-12,Influencer Marketing,1045.38,19388,735
2023-07-13,Facebook,885.98,11342,127
2023-07-13,Instagram,604.09,10807,377
2023-07-13,YouTube,1055.55,13670,662
2023-07-13,Google Ads,1013.59,16548,522
2023-07-13,Influencer Marketing,1037.38,17906,762
2023-07-14,Facebook,1464.22,17869,388
2023-07-14,Instagram,1093.82,11287,292
2023-07-14,YouTube,1160.58,20585,841
2023-07-14,Google Ads,1149.49,12574,469
2023-07-14,Influencer Marketing,1134.69,22129,949
2023-07-15,Facebook,984.78,11031,521
2023-07-15,Instagram,1111.19,15479,598
2023-07-15,YouTube,1094.36,17455,237
2023-07-15,Google Ads,1346.98,16553,310
2023-07-15,Influencer Marketing,1268.13,20553,730
2023-07-16,Facebook,670.24,8181,161
2023-07-16,Instagram,949.39,9716,420
2023-07-16,YouTube,941.51,14325,367
2023-07-16,Google Ads,823.32,9333,142
2023-07-16,Influencer Marketing,1030.33,15247,279
2023-07-17,Facebook,1223.69,16645,594
2023-07-17,Instagram,1056.04,16308,220
2023-07-17,YouTube,860.8,16186,635
2023-07-17,Google Ads,894.96,9206,161
2023-07-17,Influencer Marketing,1063.78,11768,279
2023-07-18,Facebook,1255.24,21517,487
2023-07-18,Instagram,837.43,14927,618
2023-07-18,YouTube,889.89,13017,429
2023-07-18,Google Ads,1109.13,19380,781
2023-07-18,Influencer Marketing,919.25,11989,268
2023-07-19,Facebook,1090.34,11160,365
2023-07-19,Instagram,784.76,13818,546
2023-07-19,YouTube,1080.56,14230,551
2023-07-19,Google Ads,821.29,8413,145
2023-07-19,Influencer Marketing,921.6,10594,392
2023-07-20,Facebook,1045.15,15461,595
2023-07-20,Instagram,884.4,10803,161
2023-07-20,YouTube,1074.11,15454,324
2023-07-20,Google Ads,1320.05,24342,444
2023-07-20,Influencer Marketing,631.75,7604,172
2023-07-21,Facebook,1197.4,15465,635
2023-07-21,Instagram,1080.07,11029,265
2023-07-21,YouTube,1243.61,24381,295
2023-07-21,Google Ads,1227.63,17499,276
2023-07-21,Influencer Marketing,954.98,13834,494
2023-07-22,Facebook,896.81,14498,322
2023-07-22,Instagram,885.83,9659,342
2023-07-22,YouTube,903.35,16107,263
2023-07-22,Google Ads,1077.09,16635,324
2023-07-22,Influencer Marketing,1030.24,13044,480
2023-07-23,Facebook,1194.66,15588,238
2023-07-23,Instagram,1231.2,21317,598
2023-07-23,YouTube,999.64,10764,110
2023-07-23,Google Ads,706.24,13746,488
2023-07-23,Influencer Marketing,950.37,10960,253
2023-07-24,Facebook,815.0,12449,335
2023-07-24,Instagram,932.65,15318,190
2023-07-24,YouTube,685.79,7339,161
2023-07-24,Google Ads,1004.31,16701,625
2023-07-24,Influencer Marketing,866.85,14674,579
2023-07-25,Facebook,405.74,7864,219
2023-07-25,Instagram,1043.59,12362,569
2023-07-25,YouTube,1022.27,11444,203
2023-07-25,Google Ads,764.49,11360,236
2023-07-25,Influencer Marketing,700.99,7211,97
2023-07-26,Facebook,1102.21,16739,510
2023-07-26,Instagram,966.75,18539,611
2023-07-26,YouTube,702.53,11710,318
2023-07-26,Google Ads,1109.15,16807,312
2023-07-26,Influencer Marketing,1107.73,19657,592
2023-07-27,Facebook,1194.64,19505,937
2023-07-27,Instagram,892.11,17048,480
2023-07-27,YouTube,1015.76,15437,460
2023-07-27,Google Ads,1396.61,25087,560
2023-07-27,Influencer Marketing,609.93,10777,357
2023-07-28,Facebook,1348.36,25731,301
2023-07-28,Instagram,1037.4,13949,646
2023-07-28,YouTube,1147.03,18832,256
2023-07-28,Google Ads,882.15,16416,182
2023-07-28,Influencer Marketing,689.91,8458,190
2023-07-29,Facebook,838.82,12746,151
2023-07-29,Instagram,1126.16,19310,737
2023-07-29,YouTube,1013.32,14278,586
2023-07-29,Google Ads,1458.98,24392,529
2023-07-29,Influencer Marketing,1032.27,11065,167
2023-07-30,Facebook,1303.44,21036,344
2023-07-30,Instagram,874.33,14813,583
2023-07-30,YouTube,620.22,9196,295
2023-07-30,Google Ads,922.1,9345,221
2023-07-30,Influencer Marketing,1335.8,19158,542
2023-07-31,Facebook,945.33,17893,199
2023-07-31,Instagram,963.08,16055,540
2023-07-31,YouTube,862.18,10169,370
2023-07-31,Google Ads,813.45,9880,482
2023-07-31,Influencer Marketing,1171.73,12063,593
2023-08-01,Facebook,1057.14,13259,219
2023-08-01,Instagram,1217.53,15415,523
2023-08-01,YouTube,713.75,7137,197
2023-08-01,Google Ads,1039.69,11515,430
2023-08-01,Influencer Marketing,983.56,19162,809
2023-08-02,Facebook,895.45,11465,196
2023-08-02,Instagram,1238.13,15941,508
2023-08-02,YouTube,1232.68,15106,588
2023-08-02,Google Ads,1085.21,12718,448
2023-08-02,Influencer Marketing,1148.93,20756,570
2023-08-03,Facebook,993.85,17459,809
2023-08-03,Instagram,704.12,12105,520
2023-08-03,YouTube,934.7,18196,897
2023-08-03,Google Ads,1021.83,10980,359
2023-08-03,Influencer Marketing,1225.18,21654,569
2023-08-04,Facebook,940.07,17187,299
2023-08-04,Instagram,1177.76,14935,668
2023-08-04,YouTube,1079.94,20722,394
2023-08-04,Google Ads,1135.2,13449,399
2023-08-04,Influencer Marketing,913.85,10515,511
2023-08-05,Facebook,1046.12,11379,254
2023-08-05,Instagram,1102.78,14082,432
2023-08-05,YouTube,1227.55,17437,552
2023-08-05,Google Ads,1323.53,20073,202
2023-08-05,Influencer Marketing,615.36,6556,124
2023-08-06,Facebook,1379.9,24710,1113
2023-08-06,Instagram,1090.6,15105,291
2023-08-06,YouTube,950.73,10172,225
2023-08-06,Google Ads,1121.47,17159,849
2023-08-06,Influencer Marketing,1166.57,18550,582
2023-08-07,Facebook,1018.38,11183,143
2023-08-07,Instagram,996.1,16675,621
2023-08-07,YouTube,952.22,11951,185
2023-08-07,Google Ads,1193.45,23595,701
2023-08-07,Influencer Marketing,990.62,19203,697
2023-08-08,Facebook,1357.3,17012,509
2023-08-08,Instagram,770.99,13170,582
2023-08-08,YouTube,884.2,13385,275
2023-08-08,Google Ads,686.8,13273,654
2023-08-08,Influencer Marketing,1233.75,16956,557
2023-08-09,Facebook,1224.49,12836,279
2023-08-09,Instagram,1133.88,21465,993
2023-08-09,YouTube,1077.78,19669,561
2023-08-09,Google Ads,1199.56,17359,704
2023-08-09,Influencer Marketing,1079.08,19925,932
2023-08-10,Facebook,955.2,17740,623
2023-08-10,Instagram,1138.44,16259,180
2023-08-10,YouTube,1091.56,20880,619
2023-08-10,Google Ads,1299.05,19842,432
2023-08-10,Influencer Marketing,704.54,7339,86
2023-08-11,Facebook,1169.96,19268,799
2023-08-11,Instagram,504.59,9027,293
2023-08-11,YouTube,952.23,12288,415
2023-08-11,Google Ads,946.52,13917,191
2023-08-11,Influencer Marketing,1080.5,13525,467
2023-08-12,Facebook,1139.98,20277,315
2023-08-12,Instagram,766.35,10268,478
2023-08-12,YouTube,1053.03,12400,318
2023-08-12,Google Ads,1034.36,17631,329
2023-08-12,Influencer Marketing,901.27,17913,561
2023-08-13,Facebook,924.68,13854,690
2023-08-13,Instagram,1102.77,13799,301
2023-08-13,YouTube,1143.54,18678,763
2023-08-13,Google Ads,754.2,8419,212
2023-08-13,Influencer Marketing,1133.21,14243,177
2023-08-14,Facebook,1476.22,17124,448
2023-08-14,Instagram,789.02,12129,325
2023-08-14,YouTube,729.98,12331,448
2023-08-14,Google Ads,955.44,18048,348
2023-08-14,Influencer Marketing,1270.22,25243,974
2023-08-15,Facebook,953.97,10684,146
2023-08-15,Instagram,1086.2,17026,785
2023-08-15,YouTube,696.22,8692,292
2023-08-15,Google Ads,1321.62,16991,735
2023-08-15,Influencer Marketing,919.26,15816,321
2023-08-16,Facebook,851.34,9049,412
2023-08-16,Instagram,1091.7,12089,533
2023-08-16,YouTube,751.77,12402,199
2023-08-16,Google Ads,1079.21,18541,196
2023-08-16,Influencer Marketing,686.13,10491,152
2023-08-17,Facebook,1099.63,14677,444
2023-08-17,Instagram,1005.37,12266,587
2023-08-17,YouTube,1061.27,13327,662
2023-08-17,Google Ads,1069.3,13006,597
2023-08-17,Influencer Marketing,1146.15,12591,362
2023-08-18,Facebook,906.6,16532,355
2023-08-18,Instagram,928.99,12292,158
2023-08-18,YouTube,956.33,13501,250
2023-08-18,Google Ads,1071.7,18684,544
2023-08-18,Influencer Marketing,1120.67,13277,159
2023-08-19,Facebook,1220.04,20837,849
2023-08-19,Instagram,715.93,13955,665
2023-08-19,YouTube,1340.8,21576,1016
2023-08-19,Google Ads,621.19,10916,296
2023-08-19,Influencer Marketing,1425.41,17902,488
2023-08-20,Facebook,732.31,11479,306
2023-08-20,Instagram,602.08,6458,180
2023-08-20,YouTube,1206.35,12414,129
2023-08-20,Google Ads,1017.98,15903,393
2023-08-20,Influencer Marketing,1019.67,15752,763
2023-08-21,Facebook,932.54,17841,417
2023-08-21,Instagram,814.6,12964,201
2023-08-21,YouTube,935.55,15547,704
2023-08-21,Google Ads,1192.32,14693,623
2023-08-21,Influencer Marketing,835.62,13395,471
2023-08-22,Facebook,1230.63,18615,477
2023-08-22,Instagram,1593.41,16589,311
2023-08-22,YouTube,894.07,13566,456
2023-08-22,Google Ads,1115.73,16273,701
2023-08-22,Influencer Marketing,1183.23,15869,371
2023-08-23,Facebook,1179.14,17632,629
2023-08-23,Instagram,1146.84,15293,369
2023-08-23,YouTube,944.72,17298,578
2023-08-23,Google Ads,820.27,9128,227
2023-08-23,Influencer Marketing,868.54,16611,613
2023-08-24,Facebook,1035.62,20336,430
2023-08-24,Instagram,750.61,13474,173
2023-08-24,YouTube,971.11,17258,496
2023-08-24,Google Ads,1063.66,13694,504
2023-08-24,Influencer Marketing,807.55,8731,204
2023-08-25,Facebook,623.6,6695,319
2023-08-25,Instagram,1032.7,15900,438
2023-08-25,YouTube,1093.68,10958,386
2023-08-25,Google Ads,825.47,8917,326
2023-08-25,Influencer Marketing,703.41,8393,206
2023-08-26,Facebook,1109.87,17396,229
2023-08-26,Instagram,756.38,8919,198
2023-08-26,YouTube,1232.95,23917,328
2023-08-26,Google Ads,1025.64,15827,386
2023-08-26,Influencer Marketing,840.85,10913,267
2023-08-27,Facebook,1048.1,11557,129
2023-08-27,Instagram,1268.57,21803,1069
2023-08-27,YouTube,813.53,9724,358
2023-08-27,Google Ads,942.31,11972,183
2023-08-27,Influencer Marketing,911.45,11769,422
2023-08-28,Facebook,872.84,16493,628
2023-08-28,Instagram,853.77,11755,244
2023-08-28,YouTube,1245.18,17139,722
2023-08-28,Google Ads,919.26,16068,366
2023-08-28,Influencer Marketing,822.67,13498,479
2023-08-29,Facebook,834.53,14092,226
2023-08-29,Instagram,1312.06,19001,258
2023-08-29,YouTube,1002.12,11397,262
2023-08-29,Google Ads,1221.4,22368,731
2023-08-29,Influencer Marketing,990.93,18509,897
2023-08-30,Facebook,759.14,11937,263
2023-08-30,Instagram,1224.66,23960,806
2023-08-30,YouTube,1095.69,17165,263
2023-08-30,Google Ads,738.41,10863,146
2023-08-30,Influencer Marketing,952.74,10133,203
2023-08-31,Facebook,1060.44,15229,273
2023-08-31,Instagram,850.45,14842,447
2023-08-31,YouTube,773.55,9595,282
2023-08-31,Google Ads,1213.54,24031,440
2023-08-31,Influencer Marketing,802.33,10625,129
2023-09-01,Facebook,1253.96,22547,296
2023-09-01,Instagram,954.35,15678,316
2023-09-01,YouTube,924.05,10381,326
2023-09-01,Google Ads,803.97,12600,627
2023-09-01,Influencer Marketing,712.54,11202,115
2023-09-02,Facebook,907.32,9424,145
2023-09-02,Instagram,1327.79,18128,442
2023-09-02,YouTube,1230.23,16730,307
2023-09-02,Google Ads,809.68,11581,479
2023-09-02,Influencer Marketing,682.3,9052,317
2023-09-03,Facebook,876.74,13145,237
2023-09-03,Instagram,1044.84,20157,322
2023-09-03,YouTube,984.02,10423,123
2023-09-03,Google Ads,1091.34,13228,224
2023-09-03,Influencer Marketing,1127.42,18709,482
2023-09-04,Facebook,1243.16,24237,341
2023-09-04,Instagram,1051.5,19817,538
2023-09-04,YouTube,1048.3,18145,508
2023-09-04,Google Ads,1374.62,24691,611
2023-09-04,Influencer Marketing,1097.23,15931,191
2023-09-05,Facebook,718.29,7685,116
2023-09-05,Instagram,1154.3,15173,218
2023-09-05,YouTube,1077.18,12155,579
2023-09-05,Google Ads,1038.59,19417,228
2023-09-05,Influencer Marketing,1130.07,12774,628
2023-09-06,Facebook,733.37,12342,312
2023-09-06,Instagram,729.15,12532,426
2023-09-06,YouTube,1302.52,17041,204
2023-09-06,Google Ads,844.14,12902,300
2023-09-06,Influencer Marketing,847.71,14746,249
2023-09-07,Facebook,1146.8,18308,285
2023-09-07,Instagram,1461.22,29215,1194
2023-09-07,YouTube,672.64,11011,313
2023-09-07,Google Ads,921.0,17079,732
2023-09-07,Influencer Marketing,889.66,11979,154
2023-09-08,Facebook,853.26,16485,278
2023-09-08,Instagram,1038.05,12071,479
2023-09-08,YouTube,1142.93,13199,293
2023-09-08,Google Ads,1014.6,10254,104
2023-09-08,Influencer Marketing,898.94,13938,591
2023-09-09,Facebook,953.62,10061,131
2023-09-09,Instagram,988.29,13768,193
2023-09-09,YouTube,825.9,11411,234
2023-09-09,Google Ads,950.62,9878,326
2023-09-09,Influencer Marketing,1340.06,17421,457
2023-09-10,Facebook,920.01,13541,507
2023-09-10,Instagram,1195.69,12968,256
2023-09-10,YouTube,641.22,7640,190
2023-09-10,Google Ads,880.03,10131,142
2023-09-10,Influencer Marketing,1043.94,19978,769
2023-09-11,Facebook,1509.21,21959,235
2023-09-11,Instagram,928.74,16569,558
2023-09-11,YouTube,1331.65,13805,477
2023-09-11,Google Ads,1590.43,16399,709
2023-09-11,Influencer Marketing,1018.57,10345,166
2023-09-12,Facebook,777.3,14696,527
2023-09-12,Instagram,1147.79,20624,766
2023-09-12,YouTube,1217.46,19675,434
2023-09-12,Google Ads,1179.31,22004,492
2023-09-12,Influencer Marketing,863.59,16097,637
2023-09-13,Facebook,987.84,19220,854
2023-09-13,Instagram,1238.53,18504,542
2023-09-13,YouTube,1402.6,26686,690
2023-09-13,Google Ads,955.54,11323,348
2023-09-13,Influencer Marketing,755.04,10284,320
2023-09-14,Facebook,1000.95,17908,403
2023-09-14,Instagram,919.38,13538,458
2023-09-14,YouTube,1040.07,15913,247
2023-09-14,Google Ads,739.44,12688,530
2023-09-14,Influencer Marketing,1078.61,18661,698
2023-09-15,Facebook,1016.6,15521,553
2023-09-15,Instagram,888.19,16642,227
2023-09-15,YouTube,1103.12,13840,422
2023-09-15,Google Ads,1325.48,17343,422
2023-09-15,Influencer Marketing,1109.72,12967,535
2023-09-16,Facebook,1432.4,21034,901
2023-09-16,Instagram,1005.7,20092,670
2023-09-16,YouTube,829.14,12672,458
2023-09-16,Google Ads,786.5,9380,273
2023-09-16,Influencer Marketing,1108.71,19585,491
2023-09-17,Facebook,876.65,17352,251
2023-09-17,Instagram,940.63,10843,421
2023-09-17,YouTube,1019.9,17983,700
2023-09-17,Google Ads,1203.94,19477,692
2023-09-17,Influencer Marketing,1062.88,13252,626
2023-09-18,Facebook,1012.16,14494,648
2023-09-18,Instagram,685.52,9707,267
2023-09-18,YouTube,1076.45,19079,617
2023-09-18,Google Ads,857.77,11264,172
2023-09-18,Influencer Marketing,840.12,12218,331
2023-09-19,Facebook,733.81,11014,125
2023-09-19,Instagram,690.85,12381,501
2023-09-19,YouTube,870.25,10670,274
2023-09-19,Google Ads,766.22,14263,522
2023-09-19,Influencer Marketing,1003.01,18218,529
2023-09-20,Facebook,921.13,18066,323
2023-09-20,Instagram,1061.68,16115,568
2023-09-20,YouTube,969.94,13298,599
2023-09-20,Google Ads,836.23,12233,277
2023-09-20,Influencer Marketing,992.69,13641,509
2023-09-21,Facebook,1161.64,12552,134
2023-09-21,Instagram,905.52,12728,597
2023-09-21,YouTube,1082.01,14040,355
2023-09-21,Google Ads,1021.21,15817,362
2023-09-21,Influencer Marketing,868.17,14687,619
2023-09-22,Facebook,915.03,15708,532
2023-09-22,Instagram,909.68,12624,354
2023-09-22,YouTube,1082.16,11545,567
2023-09-22,Google Ads,1506.97,26751,427
2023-09-22,Influencer Marketing,1013.37,12409,178
2023-09-23,Facebook,797.16,11394,150
2023-09-23,Instagram,939.66,15256,486
2023-09-23,YouTube,936.72,11782,212
2023-09-23,Google Ads,1156.54,16810,199
2023-09-23,Influencer Marketing,1077.0,18679,605
2023-09-24,Facebook,914.09,15993,773
2023-09-24,Instagram,1274.93,25140,521
2023-09-24,YouTube,1165.64,14006,615
2023-09-24,Google Ads,898.7,17181,827
2023-09-24,Influencer Marketing,992.32,18634,280
2023-09-25,Facebook,673.28,12320,538
2023-09-25,Instagram,1182.6,18858,569
2023-09-25,YouTube,1345.12,21707,673
2023-09-25,Google Ads,1021.89,17694,345
2023-09-25,Influencer Marketing,1023.23,11379,258
2023-09-26,Facebook,866.4,13997,411
2023-09-26,Instagram,993.68,11767,361
2023-09-26,YouTube,714.26,10556,227
2023-09-26,Google Ads,835.69,10620,196
2023-09-26,Influencer Marketing,1016.53,14250,271
2023-09-27,Facebook,1153.4,19459,531
2023-09-27,Instagram,1020.25,10997,294
2023-09-27,YouTube,1379.58,27331,686
2023-09-27,Google Ads,842.06,14498,474
2023-09-27,Influencer Marketing,1186.22,16074,760
2023-09-28,Facebook,1306.48,22879,881
2023-09-28,Instagram,1223.53,16618,227
2023-09-28,YouTube,701.4,12499,472
2023-09-28,Google Ads,987.2,11302,344
2023-09-28,Influencer Marketing,1164.1,12443,237
2023-09-29,Facebook,1200.18,18761,288
2023-09-29,Instagram,522.76,9763,335
2023-09-29,YouTube,891.13,10458,182
2023-09-29,Google Ads,646.19,12353,617
2023-09-29,Influencer Marketing,922.42,10633,474
2023-09-30,Facebook,1316.07,17650,404
2023-09-30,Instagram,647.27,12444,209
2023-09-30,YouTube,631.38,7521,298
2023-09-30,Google Ads,1101.11,11240,425
2023-09-30,Influencer Marketing,1102.3,14825,229
2023-10-01,Facebook,1059.6,13793,399
2023-10-01,Instagram,959.78,18189,832
2023-10-01,YouTube,1143.01,13630,331
2023-10-01,Google Ads,1183.9,15796,655
2023-10-01,Influencer Marketing,1048.0,14471,512
2023-10-02,Facebook,643.45,7717,98
2023-10-02,Instagram,822.99,9024,398
2023-10-02,YouTube,1056.61,10583,118
2023-10-02,Google Ads,975.26,18312,520
2023-10-02,Influencer Marketing,667.14,9446,176
2023-10-03,Facebook,1246.9,24307,780
2023-10-03,Instagram,987.57,11845,149
2023-10-03,YouTube,710.65,9689,297
2023-10-03,Google Ads,679.29,8733,310
2023-10-03,Influencer Marketing,906.1,13340,625
2023-10-04,Facebook,1020.33,16797,433
2023-10-04,Instagram,1115.77,17693,531
2023-10-04,YouTube,1054.4,17795,231
2023-10-04,Google Ads,1096.11,16797,172
2023-10-04,Influencer Marketing,1031.95,17662,606
2023-10-05,Facebook,923.32,10034,429
2023-10-05,Instagram,1202.32,15453,683
2023-10-05,YouTube,707.6,10070,300
2023-10-05,Google Ads,1107.04,21211,775
2023-10-05,Influencer Marketing,970.02,17126,542
2023-10-06,Facebook,1002.81,16013,689
2023-10-06,Instagram,1097.1,19463,449
2023-10-06,YouTube,936.19,13563,657
2023-10-06,Google Ads,1051.97,16886,534
2023-10-06,Influencer Marketing,900.31,17790,772
2023-10-07,Facebook,1082.55,16582,592
2023-10-07,Instagram,1010.51,16789,607
2023-10-07,YouTube,898.66,12964,329
2023-10-07,Google Ads,1096.86,17206,707
2023-10-07,Influencer Marketing,630.72,10293,230
2023-10-08,Facebook,627.78,9395,361
2023-10-08,Instagram,1097.19,15912,280
2023-10-08,YouTube,989.45,14127,650
2023-10-08,Google Ads,935.08,15856,306
2023-10-08,Influencer Marketing,987.58,16280,658
2023-10-09,Facebook,767.13,7727,278
2023-10-09,Instagram,1089.23,12256,487
2023-10-09,YouTube,818.14,9859,395
2023-10-09,Google Ads,724.98,9426,197
2023-10-09,Influencer Marketing,769.69,9438,433
2023-10-10,Facebook,1381.59,22485,811
2023-10-10,Instagram,1212.86,20297,359
2023-10-10,YouTube,956.44,15361,657
2023-10-10,Google Ads,1539.37,19788,452
2023-10-10,Influencer Marketing,973.51,12796,624
2023-10-11,Facebook,926.85,16662,288
2023-10-11,Instagram,1007.53,17969,664
2023-10-11,YouTube,729.28,12533,278
2023-10-11,Google Ads,1005.0,15364,437
2023-10-11,Influencer Marketing,1158.07,15385,471
2023-10-12,Facebook,1135.8,21552,873
2023-10-12,Instagram,1445.32,26316,435
2023-10-12,YouTube,863.27,15261,311
2023-10-12,Google Ads,1123.47,19824,743
2023-10-12,Influencer Marketing,905.25,10769,126
2023-10-13,Facebook,1039.45,18621,213
2023-10-13,Instagram,830.55,12594,252
2023-10-13,YouTube,1156.58,19570,819
2023-10-13,Google Ads,1208.03,19562,471
2023-10-13,Influencer Marketing,918.53,14857,247
2023-10-14,Facebook,702.67,9996,139
2023-10-14,Instagram,753.55,10078,355
2023-10-14,YouTube,1005.08,11253,140
2023-10-14,Google Ads,899.9,15890,689
2023-10-14,Influencer Marketing,1197.28,21203,432
2023-10-15,Facebook,937.13,15005,600
2023-10-15,Instagram,1038.0,19601,385
2023-10-15,YouTube,1130.77,17434,178
2023-10-15,Google Ads,821.62,12983,200
2023-10-15,Influencer Marketing,1470.5,23627,790
2023-10-16,Facebook,1191.79,15744,195
2023-10-16,Instagram,1129.15,21799,1085
2023-10-16,YouTube,803.86,11535,528
2023-10-16,Google Ads,954.97,17603,754
2023-10-16,Influencer Marketing,918.79,13083,214
2023-10-17,Facebook,1153.96,15256,184
2023-10-17,Instagram,942.92,17684,743
2023-10-17,YouTube,808.57,11127,474
2023-10-17,Google Ads,1120.34,13985,653
2023-10-17,Influencer Marketing,742.29,9824,195
2023-10-18,Facebook,940.56,18210,328
2023-10-18,Instagram,892.31,15020,327
2023-10-18,YouTube,1211.2,13242,264
2023-10-18,Google Ads,464.92,5113,92
2023-10-18,Influencer Marketing,798.81,15715,654
2023-10-19,Facebook,995.89,12682,495
2023-10-19,Instagram,929.43,14439,435
2023-10-19,YouTube,1315.65,19773,206
2023-10-19,Google Ads,1285.47,17006,319
2023-10-19,Influencer Marketing,1118.75,16860,549
2023-10-20,Facebook,882.55,9741,383
2023-10-20,Instagram,928.78,17616,683
2023-10-20,YouTube,1291.95,18735,818
2023-10-20,Google Ads,1212.85,21234,933
2023-10-20,Influencer Marketing,1129.05,12586,291
2023-10-21,Facebook,1080.38,12220,509
2023-10-21,Instagram,890.76,16809,738
2023-10-21,YouTube,1104.68,18221,872
2023-10-21,Google Ads,756.64,14801,713
2023-10-21,Influencer Marketing,1070.52,20649,491
2023-10-22,Facebook,872.5,16369,382
2023-10-22,Instagram,812.31,16218,723
2023-10-22,YouTube,1081.45,14654,336
2023-10-22,Google Ads,1083.55,15021,402
2023-10-22,Influencer Marketing,941.61,14528,597
2023-10-23,Facebook,1094.89,13928,582
2023-10-23,Instagram,768.97,12210,173
2023-10-23,YouTube,972.87,11078,121
2023-10-23,Google Ads,1428.13,25550,1039
2023-10-23,Influencer Marketing,915.86,10454,335
2023-10-24,Facebook,1113.31,15762,541
2023-10-24,Instagram,1052.98,18789,862
2023-10-24,YouTube,1070.96,13311,266
2023-10-24,Google Ads,950.56,13756,161
2023-10-24,Influencer Marketing,1067.3,18160,416
2023-10-25,Facebook,885.66,9426,453
2023-10-25,Instagram,570.57,8552,309
2023-10-25,YouTube,837.86,12347,224
2023-10-25,Google Ads,1031.18,12896,346
2023-10-25,Influencer Marketing,290.16,4506,125
2023-10-26,Facebook,1043.39,14891,708
2023-10-26,Instagram,662.37,9990,239
2023-10-26,YouTube,623.17,11940,250
2023-10-26,Google Ads,737.96,14690,252
2023-10-26,Influencer Marketing,921.71,13529,581
2023-10-27,Facebook,900.71,15953,622
2023-10-27,Instagram,1558.15,24285,981
2023-10-27,YouTube,882.07,10889,444
2023-10-27,Google Ads,890.02,15020,492
2023-10-27,Influencer Marketing,1183.59,12895,270
2023-10-28,Facebook,902.51,13017,207
2023-10-28,Instagram,978.94,14295,569
2023-10-28,YouTube,669.54,11027,224
2023-10-28,Google Ads,823.93,8782,419
2023-10-28,Influencer Marketing,1103.46,17988,645
2023-10-29,Facebook,908.28,12602,569
2023-10-29,Instagram,1071.0,19681,798
2023-10-29,YouTube,1140.7,13025,494
2023-10-29,Google Ads,1245.97,22127,878
2023-10-29,Influencer Marketing,919.58,13741,209
2023-10-30,Facebook,1065.59,20214,344
2023-10-30,Instagram,1024.27,10385,315
2023-10-30,YouTube,1096.27,21211,573
2023-10-30,Google Ads,1070.45,14308,241
2023-10-30,Influencer Marketing,1091.45,17439,749
2023-10-31,Facebook,756.77,14681,724
2023-10-31,Instagram,1110.19,15249,609
2023-10-31,YouTube,990.95,17264,335
2023-10-31,Google Ads,893.41,16717,309
2023-10-31,Influencer Marketing,708.78,13236,647
2023-11-01,Facebook,1071.77,11627,535
2023-11-01,Instagram,1075.11,18074,249
2023-11-01,YouTube,924.33,9659,155
2023-11-01,Google Ads,1035.09,14696,439
2023-11-01,Influencer Marketing,1004.24,16127,548
2023-11-02,Facebook,950.68,15009,703
2023-11-02,Instagram,1004.31,12486,328
2023-11-02,YouTube,731.18,12871,380
2023-11-02,Google Ads,1076.42,18339,749
2023-11-02,Influencer Marketing,977.63,11278,247
2023-11-03,Facebook,1235.85,22255,299
2023-11-03,Instagram,1384.99,21232,608
2023-11-03,YouTube,812.84,8584,382
2023-11-03,Google Ads,733.83,11530,422
2023-11-03,Influencer Marketing,908.93,14770,562
2023-11-04,Facebook,1203.86,20249,369
2023-11-04,Instagram,859.12,16134,573
2023-11-04,YouTube,962.85,12677,621
2023-11-04,Google Ads,1111.53,15837,689
2023-11-04,Influencer Marketing,951.43,18091,565
2023-11-05,Facebook,1079.69,13804,560
2023-11-05,Instagram,1211.45,15656,300
2023-11-05,YouTube,1033.76,16928,833
2023-11-05,Google Ads,1265.59,18961,518
2023-11-05,Influencer Marketing,801.62,8023,95
2023-11-06,Facebook,1161.25,20899,529
2023-11-06,Instagram,938.69,17810,375
2023-11-06,YouTube,1236.88,18781,269
2023-11-06,Google Ads,847.56,12280,443
2023-11-06,Influencer Marketing,1158.59,22204,242
2023-11-07,Facebook,1074.53,14323,562
2023-11-07,Instagram,514.45,5191,99
2023-11-07,YouTube,759.26,10591,410
2023-11-07,Google Ads,1183.15,12332,290
2023-11-07,Influencer Marketing,690.76,13035,238
2023-11-08,Facebook,1277.2,16343,474
2023-11-08,Instagram,1039.48,10420,464
2023-11-08,YouTube,1094.41,16781,419
2023-11-08,Google Ads,1053.63,11054,316
2023-11-08,Influencer Marketing,886.2,9673,207
2023-11-09,Facebook,808.55,13912,347
2023-11-09,Instagram,1383.2,16933,504
2023-11-09,YouTube,1088.21,21195,817
2023-11-09,Google Ads,1031.12,13495,276
2023-11-09,Influencer Marketing,983.33,13267,168
2023-11-10,Facebook,903.33,17837,577
2023-11-10,Instagram,1305.06,24218,504
2023-11-10,YouTube,999.33,13859,293
2023-11-10,Google Ads,1123.38,22002,857
2023-11-10,Influencer Marketing,707.42,13553,464
2023-11-11,Facebook,1139.05,22155,947
2023-11-11,Instagram,1177.9,20775,559
2023-11-11,YouTube,920.71,9848,472
2023-11-11,Google Ads,886.28,10710,336
2023-11-11,Influencer Marketing,1210.41,16634,637
2023-11-12,Facebook,952.28,10633,414
2023-11-12,Instagram,1083.19,21287,471
2023-11-12,YouTube,693.01,7117,260
2023-11-12,Google Ads,960.22,14695,526
2023-11-12,Influencer Marketing,1191.46,16992,560
2023-11-13,Facebook,1020.5,18871,557
2023-11-13,Instagram,953.59,16684,667
2023-11-13,YouTube,942.14,15804,294
2023-11-13,Google Ads,1063.11,15121,316
2023-11-13,Influencer Marketing,809.71,14137,447
2023-11-14,Facebook,840.81,9946,260
2023-11-14,Instagram,1162.63,19171,278
2023-11-14,YouTube,1255.01,15285,562
2023-11-14,Google Ads,886.8,15394,668
2023-11-14,Influencer Marketing,704.89,10101,457
2023-11-15,Facebook,611.73,7812,102
2023-11-15,Instagram,1062.73,14454,702
2023-11-15,YouTube,1093.88,14362,648
2023-11-15,Google Ads,1283.0,23389,1146
2023-11-15,Influencer Marketing,1372.2,23821,696
2023-11-16,Facebook,978.66,17465,369
2023-11-16,Instagram,1094.62,17091,474
2023-11-16,YouTube,1561.42,21013,634
2023-11-16,Google Ads,1033.36,11401,409
2023-11-16,Influencer Marketing,1035.77,18318,455
2023-11-17,Facebook,1027.62,11078,270
2023-11-17,Instagram,858.44,9644,122
2023-11-17,YouTube,1097.3,13980,560
2023-11-17,Google Ads,991.07,19208,780
2023-11-17,Influencer Marketing,954.81,10606,519
2023-11-18,Facebook,1021.1,19103,668
2023-11-18,Instagram,1005.22,19080,230
2023-11-18,YouTube,857.14,11690,407
2023-11-18,Google Ads,994.5,14727,245
2023-11-18,Influencer Marketing,961.94,14502,178
2023-11-19,Facebook,884.92,16084,351
2023-11-19,Instagram,845.03,9786,121
2023-11-19,YouTube,750.78,13973,657
2023-11-19,Google Ads,1023.72,18835,316
2023-11-19,Influencer Marketing,1369.52,22179,828
2023-11-20,Facebook,1230.17,22827,296
2023-11-20,Instagram,1240.71,23059,1120
2023-11-20,YouTube,1104.48,11239,520
2023-11-20,Google Ads,735.85,7884,125
2023-11-20,Influencer Marketing,612.78,10595,282
2023-11-21,Facebook,1085.7,18602,204
2023-11-21,Instagram,1155.16,19529,774
2023-11-21,YouTube,901.36,11943,401
2023-11-21,Google Ads,651.18,11081,349
2023-11-21,Influencer Marketing,873.15,11755,512
2023-11-22,Facebook,713.87,12752,357
2023-11-22,Instagram,1377.47,18397,825
2023-11-22,YouTube,1332.61,17592,814
2023-11-22,Google Ads,890.08,9839,451
2023-11-22,Influencer Marketing,1314.84,17497,757
2023-11-23,Facebook,1496.33,25519,518
2023-11-23,Instagram,1011.93,14943,305
2023-11-23,YouTube,1121.23,21079,589
2023-11-23,Google Ads,819.01,14166,353
2023-11-23,Influencer Marketing,899.23,12601,526
2023-11-24,Facebook,1080.94,18650,828
2023-11-24,Instagram,944.88,11280,310
2023-11-24,YouTube,824.39,14667,572
2023-11-24,Google Ads,1075.99,17909,501
2023-11-24,Influencer Marketing,1373.39,20093,697
2023-11-25,Facebook,1036.05,11899,155
2023-11-25,Instagram,1052.64,10626,307
2023-11-25,YouTube,905.4,11457,267
2023-11-25,Google Ads,1158.71,12689,283
2023-11-25,Influencer Marketing,1238.47,14995,402
2023-11-26,Facebook,1331.16,18182,288
2023-11-26,Instagram,629.82,7974,214
2023-11-26,YouTube,1283.18,17989,192
2023-11-26,Google Ads,1146.2,12209,288
2023-11-26,Influencer Marketing,975.23,11463,311
2023-11-27,Facebook,964.77,12958,285
2023-11-27,Instagram,1299.8,15086,268
2023-11-27,YouTube,1296.78,13253,548
2023-11-27,Google Ads,1283.82,16946,630
2023-11-27,Influencer Marketing,1045.74,20807,449
2023-11-28,Facebook,883.95,12971,134
2023-11-28,Instagram,1122.33,12890,234
2023-11-28,YouTube,851.34,15106,401
2023-11-28,Google Ads,940.61,10177,479
2023-11-28,Influencer Marketing,1168.33,14892,408
2023-11-29,Facebook,1275.56,13885,636
2023-11-29,Instagram,984.11,11308,469
2023-11-29,YouTube,1031.09,18954,922
2023-11-29,Google Ads,752.32,11655,241
2023-11-29,Influencer Marketing,915.92,13426,396
2023-11-30,Facebook,927.87,11787,255
2023-11-30,Instagram,1251.12,23127,932
2023-11-30,YouTube,880.07,16380,326
2023-11-30,Google Ads,913.1,10969,116
2023-11-30,Influencer Marketing,548.97,5603,160
2023-12-01,Facebook,713.37,11927,503
2023-12-01,Instagram,809.95,8637,388
2023-12-01,YouTube,1240.44,24242,863
2023-12-01,Google Ads,897.02,10203,492
2023-12-01,Influencer Marketing,1023.63,15588,734
2023-12-02,Facebook,1033.8,17937,688
2023-12-02,Instagram,1090.01,19029,888
2023-12-02,YouTube,1099.13,19096,858
2023-12-02,Google Ads,1270.71,22694,550
2023-12-02,Influencer Marketing,1207.56,22474,1024
2023-12-03,Facebook,1357.56,21395,346
2023-12-03,Instagram,1119.17,11819,193
2023-12-03,YouTube,864.26,16457,489
2023-12-03,Google Ads,947.17,12823,555
2023-12-03,Influencer Marketing,1159.37,18810,251
2023-12-04,Facebook,930.27,16130,466
2023-12-04,Instagram,942.59,16128,649
2023-12-04,YouTube,959.29,13456,454
2023-12-04,Google Ads,893.52,11446,404
2023-12-04,Influencer Marketing,987.77,13666,323
2023-12-05,Facebook,834.27,14868,368
2023-12-05,Instagram,1210.71,17719,639
2023-12-05,YouTube,600.05,6134,294
2023-12-05,Google Ads,1327.83,18063,685
2023-12-05,Influencer Marketing,1111.74,17664,506
2023-12-06,Facebook,814.07,8941,121
2023-12-06,Instagram,1014.82,19218,378
2023-12-06,YouTube,1434.87,25146,280
2023-12-06,Google Ads,1229.0,20872,640
2023-12-06,Influencer Marketing,1014.13,16762,172
2023-12-07,Facebook,999.27,17760,764
2023-12-07,Instagram,1140.6,19885,733
2023-12-07,YouTube,1293.85,23893,869
2023-12-07,Google Ads,983.88,12212,178
2023-12-07,Influencer Marketing,1463.85,23143,958
2023-12-08,Facebook,1170.44,21225,576
2023-12-08,Instagram,987.47,18729,453
2023-12-08,YouTube,881.13,9033,276
2023-12-08,Google Ads,626.18,8719,316
2023-12-08,Influencer Marketing,891.05,9370,260
2023-12-09,Facebook,1192.74,17026,832
2023-12-09,Instagram,840.96,14680,676
2023-12-09,YouTube,1101.89,16853,761
2023-12-09,Google Ads,806.44,15631,443
2023-12-09,Influencer Marketing,964.66,11356,384
2023-12-10,Facebook,839.78,14393,205
2023-12-10,Instagram,1017.87,13292,279
2023-12-10,YouTube,1081.53,11159,115
2023-12-10,Google Ads,1234.46,14265,711
2023-12-10,Influencer Marketing,1092.73,14448,408
2023-12-11,Facebook,866.13,12013,137
2023-12-11,Instagram,828.02,10693,438
2023-12-11,YouTube,1029.04,14418,379
2023-12-11,Google Ads,951.41,13681,204
2023-12-11,Influencer Marketing,1138.4,19847,582
2023-12-12,Facebook,741.19,7924,109
2023-12-12,Instagram,1183.84,20356,805
2023-12-12,YouTube,1076.37,16871,596
2023-12-12,Google Ads,1103.26,17498,226
2023-12-12,Influencer Marketing,1020.82,12626,327
2023-12-13,Facebook,841.54,13216,392
2023-12-13,Instagram,986.38,10017,318
2023-12-13,YouTube,926.08,11157,165
2023-12-13,Google Ads,1032.46,14323,156
2023-12-13,Influencer Marketing,1127.0,12128,385
2023-12-14,Facebook,1038.7,14512,275
2023-12-14,Instagram,965.12,18965,320
2023-12-14,YouTube,1231.05,16201,603
2023-12-14,Google Ads,1318.61,16300,700
2023-12-14,Influencer Marketing,1505.33,20263,236
2023-12-15,Facebook,810.12,8613,377
2023-12-15,Instagram,994.6,18933,680
2023-12-15,YouTube,916.02,15141,428
2023-12-15,Google Ads,1153.9,16477,427
2023-12-15,Influencer Marketing,748.52,10573,250
2023-12-16,Facebook,862.92,11419,534
2023-12-16,Instagram,1141.13,18753,442
2023-12-16,YouTube,965.88,13777,575
2023-12-16,Google Ads,1337.3,17306,814
2023-12-16,Influencer Marketing,1017.44,15225,693
2023-12-17,Facebook,799.8,8195,351
2023-12-17,Instagram,1331.36,17633,189
2023-12-17,YouTube,1127.12,17482,809
2023-12-17,Google Ads,967.33,10830,491
2023-12-17,Influencer Marketing,737.05,10087,106
2023-12-18,Facebook,695.41,10343,399
2023-12-18,Instagram,965.27,12548,202
2023-12-18,YouTube,931.37,13828,235
2023-12-18,Google Ads,1185.74,19440,741
2023-12-18,Influencer Marketing,996.21,11054,140
2023-12-19,Facebook,1120.52,18320,511
2023-12-19,Instagram,809.73,10035,163
2023-12-19,YouTube,811.48,9709,396
2023-12-19,Google Ads,927.98,14612,338
2023-12-19,Influencer Marketing,1075.98,14345,264
2023-12-20,Facebook,1099.29,21738,713
2023-12-20,Instagram,1211.08,23735,680
2023-12-20,YouTube,888.49,10985,209
2023-12-20,Google Ads,899.49,15484,660
2023-12-20,Influencer Marketing,1298.47,25017,1184
2023-12-21,Facebook,1009.37,14377,623
2023-12-21,Instagram,1209.22,14938,466
2023-12-21,YouTube,1056.57,20731,1013
2023-12-21,Google Ads,853.85,13402,490
2023-12-21,Influencer Marketing,1042.87,13339,509
2023-12-22,Facebook,1066.4,13864,160
2023-12-22,Instagram,1111.96,18844,657
2023-12-22,YouTube,873.43,15917,714
2023-12-22,Google Ads,884.16,16605,708
2023-12-22,Influencer Marketing,1090.55,11093,503
2023-12-23,Facebook,981.28,11035,244
2023-12-23,Instagram,1206.3,12179,289
2023-12-23,YouTube,865.64,11071,392
2023-12-23,Google Ads,1099.43,19097,836
2023-12-23,Influencer Marketing,960.41,14371,511
2023-12-24,Facebook,867.19,10629,487
2023-12-24,Instagram,1047.58,13502,245
2023-12-24,YouTube,861.69,16087,331
2023-12-24,Google Ads,1094.0,14781,225
2023-12-24,Influencer Marketing,892.3,16697,411
2023-12-25,Facebook,827.21,9620,382
2023-12-25,Instagram,848.97,14368,630
2023-12-25,YouTube,1197.33,16711,287
2023-12-25,Google Ads,834.52,16264,201
2023-12-25,Influencer Marketing,620.02,11321,169
2023-12-26,Facebook,1167.15,21466,422
2023-12-26,Instagram,652.98,7674,223
2023-12-26,YouTube,1068.01,18984,833
2023-12-26,Google Ads,1138.32,15879,403
2023-12-26,Influencer Marketing,917.18,9954,451
2023-12-27,Facebook,1042.24,20082,973
2023-12-27,Instagram,938.77,14729,393
2023-12-27,YouTube,668.39,13119,501
2023-12-27,Google Ads,984.09,12558,146
2023-12-27,Influencer Marketing,839.8,9516,125
2023-12-28,Facebook,864.58,13564,302
2023-12-28,Instagram,973.76,16420,579
2023-12-28,YouTube,952.95,10882,244
2023-12-28,Google Ads,857.41,11698,560
2023-12-28,Influencer Marketing,1162.91,13843,188
2023-12-29,Facebook,1204.64,19078,247
2023-12-29,Instagram,894.64,10351,149
2023-12-29,YouTube,1076.8,16003,415
2023-12-29,Google Ads,846.37,9732,217
2023-12-29,Influencer Marketing,1144.49,16794,447
2023-12-30,Facebook,991.77,13968,570
2023-12-30,Instagram,1092.21,18815,936
2023-12-30,YouTube,1082.53,18551,667
2023-12-30,Google Ads,943.93,10427,309
2023-12-30,Influencer Marketing,585.69,8338,87
2023-12-31,Facebook,914.14,14909,233
2023-12-31,Instagram,1235.49,21998,578
2023-12-31,YouTube,812.15,9846,446
2023-12-31,Google Ads,966.66,17766,777
2023-12-31,Influencer Marketing,1135.69,21297,558
