week,sales_amount,base_price,final_price,promotion_type,channel,spend_online,impressions,clicks,spend_offline,CTR (%)
2023-01-01,102526117.95,101.83051315789474,94.14853947368421,Percentage Discount,Facebook,7658.48,122072.0,3445.0,0.0,2.8221049872206567
2023-01-01,102526117.95,101.83051315789474,94.14853947368421,Percentage Discount,Google Ads,6838.9,111271.0,3073.0,0.0,2.7617258764637684
2023-01-01,102526117.95,101.83051315789474,94.14853947368421,Percentage Discount,Influencer Marketing,6900.8,101912.0,2904.0,0.0,2.849517230551849
2023-01-01,102526117.95,101.83051315789474,94.14853947368421,Percentage Discount,Instagram,6542.48,85078.0,2559.0,0.0,3.00782811067491
2023-01-01,102526117.95,101.83051315789474,94.14853947368421,Percentage Discount,OOH,0.0,0.0,0.0,11230.47,0.0
2023-01-01,102526117.95,101.83051315789474,94.14853947368421,Percentage Discount,Print,0.0,0.0,0.0,6214.43,0.0
2023-01-01,102526117.95,101.83051315789474,94.14853947368421,Percentage Discount,Radio,0.0,0.0,0.0,6723.33,0.0
2023-01-01,102526117.95,101.83051315789474,94.14853947368421,Percentage Discount,TV,0.0,0.0,0.0,11311.42,0.0
2023-01-01,102526117.95,101.83051315789474,94.14853947368421,Percentage Discount,YouTube,6460.78,109825.0,3735.0,0.0,3.400865012519918
2023-01-08,102800227.39,101.83051315789474,94.14853947368421,Percentage Discount,Facebook,7392.16,110288.0,2939.0,0.0,2.664841143188742
2023-01-08,102800227.39,101.83051315789474,94.14853947368421,Percentage Discount,Google Ads,7631.450000000001,114886.0,3744.0,0.0,3.258882718520969
2023-01-08,102800227.39,101.83051315789474,94.14853947368421,Percentage Discount,Influencer Marketing,7247.63,108291.0,2875.0,0.0,2.654883600668569
2023-01-08,102800227.39,101.83051315789474,94.14853947368421,Percentage Discount,Instagram,6773.16,105589.0,3456.0,0.0,3.273068217333245
2023-01-08,102800227.39,101.83051315789474,94.14853947368421,Percentage Discount,OOH,0.0,0.0,0.0,11380.75,0.0
2023-01-08,102800227.39,101.83051315789474,94.14853947368421,Percentage Discount,Print,0.0,0.0,0.0,11069.6,0.0
2023-01-08,102800227.39,101.83051315789474,94.14853947368421,Percentage Discount,Radio,0.0,0.0,0.0,9505.5,0.0
2023-01-08,102800227.39,101.83051315789474,94.14853947368421,Percentage Discount,TV,0.0,0.0,0.0,14004.01,0.0
2023-01-08,102800227.39,101.83051315789474,94.14853947368421,Percentage Discount,YouTube,6754.75,99524.0,3643.0,0.0,3.660423616414131
2023-01-15,102630477.7,101.83051315789474,94.14853947368421,Percentage Discount,Facebook,7356.63,110375.0,3206.0,0.0,2.904643261608154
2023-01-15,102630477.7,101.83051315789474,94.14853947368421,Percentage Discount,Google Ads,6004.55,97631.0,3812.0,0.0,3.9044975468857226
2023-01-15,102630477.7,101.83051315789474,94.14853947368421,Percentage Discount,Influencer Marketing,7953.68,121501.0,3659.0,0.0,3.0114978477543395
2023-01-15,102630477.7,101.83051315789474,94.14853947368421,Percentage Discount,Instagram,7765.96,116377.0,3040.0,0.0,2.6122000051556578
2023-01-15,102630477.7,101.83051315789474,94.14853947368421,Percentage Discount,OOH,0.0,0.0,0.0,10270.3,0.0
2023-01-15,102630477.7,101.83051315789474,94.14853947368421,Percentage Discount,Print,0.0,0.0,0.0,8861.17,0.0
2023-01-15,102630477.7,101.83051315789474,94.14853947368421,Percentage Discount,Radio,0.0,0.0,0.0,7836.04,0.0
2023-01-15,102630477.7,101.83051315789474,94.14853947368421,Percentage Discount,TV,0.0,0.0,0.0,14442.24,0.0
2023-01-15,102630477.7,101.83051315789474,94.14853947368421,Percentage Discount,YouTube,7846.51,126453.0,3516.0,0.0,2.780479703921615
2023-01-22,102505785.96,101.83051315789474,94.14853947368421,Percentage Discount,Facebook,7237.25,112908.0,3227.0,0.0,2.8580791440819073
2023-01-22,102505785.96,101.83051315789474,94.14853947368421,Percentage Discount,Google Ads,7145.3099999999995,108976.0,3575.0,0.0,3.280538834238732
2023-01-22,102505785.96,101.83051315789474,94.14853947368421,Percentage Discount,Influencer Marketing,7162.25,102651.0,2733.0,0.0,2.6624192652774936
2023-01-22,102505785.96,101.83051315789474,94.14853947368421,Percentage Discount,Instagram,7300.0,106756.0,2461.0,0.0,2.305256847390311
2023-01-22,102505785.96,101.83051315789474,94.14853947368421,Percentage Discount,OOH,0.0,0.0,0.0,8335.56,0.0
2023-01-22,102505785.96,101.83051315789474,94.14853947368421,Percentage Discount,Print,0.0,0.0,0.0,11601.91,0.0
2023-01-22,102505785.96,101.83051315789474,94.14853947368421,Percentage Discount,Radio,0.0,0.0,0.0,6663.51,0.0
2023-01-22,102505785.96,101.83051315789474,94.14853947368421,Percentage Discount,TV,0.0,0.0,0.0,11917.89,0.0
2023-01-22,102505785.96,101.83051315789474,94.14853947368421,Percentage Discount,YouTube,7395.38,129781.0,4369.0,0.0,3.3664403880383107
2023-01-29,102221505.62,101.83051315789474,94.14853947368421,Percentage Discount,Facebook,6386.66,101474.0,3197.0,0.0,3.1505607347694973
2023-01-29,102221505.62,101.83051315789474,94.14853947368421,Percentage Discount,Google Ads,5924.1900000000005,81798.0,2834.0,0.0,3.4646323870999294
2023-01-29,102221505.62,101.83051315789474,94.14853947368421,Percentage Discount,Influencer Marketing,6804.07,101794.0,2617.0,0.0,2.5708784407725407
2023-01-29,102221505.62,101.83051315789474,94.14853947368421,Percentage Discount,Instagram,6157.35,92076.0,2944.0,0.0,3.1973587036795688
2023-01-29,102221505.62,101.83051315789474,94.14853947368421,Percentage Discount,OOH,0.0,0.0,0.0,9575.21,0.0
2023-01-29,102221505.62,101.83051315789474,94.14853947368421,Percentage Discount,Print,0.0,0.0,0.0,7488.18,0.0
2023-01-29,102221505.62,101.83051315789474,94.14853947368421,Percentage Discount,Radio,0.0,0.0,0.0,12158.0,0.0
2023-01-29,102221505.62,101.83051315789474,94.14853947368421,Percentage Discount,TV,0.0,0.0,0.0,6753.84,0.0
2023-01-29,102221505.62,101.83051315789474,94.14853947368421,Percentage Discount,YouTube,6489.35,95756.0,2852.0,0.0,2.9784034420819583
2023-02-05,102908682.16,102.11625657894736,94.50819736842105,Percentage Discount,Facebook,7564.3,109959.0,3053.0,0.0,2.7764894187833646
2023-02-05,102908682.16,102.11625657894736,94.50819736842105,Percentage Discount,Google Ads,6068.33,80003.0,2447.0,0.0,3.058635301176206
2023-02-05,102908682.16,102.11625657894736,94.50819736842105,Percentage Discount,Influencer Marketing,6883.89,117014.0,3927.0,0.0,3.3560086827217255
2023-02-05,102908682.16,102.11625657894736,94.50819736842105,Percentage Discount,Instagram,6921.18,105883.0,3022.0,0.0,2.854093669427576
2023-02-05,102908682.16,102.11625657894736,94.50819736842105,Percentage Discount,OOH,0.0,0.0,0.0,12255.92,0.0
2023-02-05,102908682.16,102.11625657894736,94.50819736842105,Percentage Discount,Print,0.0,0.0,0.0,4697.08,0.0
2023-02-05,102908682.16,102.11625657894736,94.50819736842105,Percentage Discount,Radio,0.0,0.0,0.0,8960.04,0.0
2023-02-05,102908682.16,102.11625657894736,94.50819736842105,Percentage Discount,TV,0.0,0.0,0.0,8881.09,0.0
2023-02-05,102908682.16,102.11625657894736,94.50819736842105,Percentage Discount,YouTube,7269.2,127285.0,3352.0,0.0,2.6334603448953136
2023-02-12,102358793.73,102.11625657894736,94.50819736842105,Percentage Discount,Facebook,7832.26,123327.0,3441.0,0.0,2.79014327762777
2023-02-12,102358793.73,102.11625657894736,94.50819736842105,Percentage Discount,Google Ads,7136.55,119294.0,2579.0,0.0,2.1618857612285614
2023-02-12,102358793.73,102.11625657894736,94.50819736842105,Percentage Discount,Influencer Marketing,7285.74,105230.0,2698.0,0.0,2.563907630903735
2023-02-12,102358793.73,102.11625657894736,94.50819736842105,Percentage Discount,Instagram,6805.3,100014.0,2649.0,0.0,2.648629191913132
2023-02-12,102358793.73,102.11625657894736,94.50819736842105,Percentage Discount,OOH,0.0,0.0,0.0,6348.65,0.0
2023-02-12,102358793.73,102.11625657894736,94.50819736842105,Percentage Discount,Print,0.0,0.0,0.0,3987.37,0.0
2023-02-12,102358793.73,102.11625657894736,94.50819736842105,Percentage Discount,Radio,0.0,0.0,0.0,8863.17,0.0
2023-02-12,102358793.73,102.11625657894736,94.50819736842105,Percentage Discount,TV,0.0,0.0,0.0,11767.96,0.0
2023-02-12,102358793.73,102.11625657894736,94.50819736842105,Percentage Discount,YouTube,6840.6900000000005,94762.0,2525.0,0.0,2.6645701863616216
2023-02-19,102389063.71,102.11625657894736,94.50819736842105,Percentage Discount,Facebook,6347.22,92697.0,2774.0,0.0,2.9925456055751534
2023-02-19,102389063.71,102.11625657894736,94.50819736842105,Percentage Discount,Google Ads,7954.75,118657.0,3233.0,0.0,2.724660154900259
2023-02-19,102389063.71,102.11625657894736,94.50819736842105,Percentage Discount,Influencer Marketing,7052.08,109951.0,3781.0,0.0,3.4388045583941937
2023-02-19,102389063.71,102.11625657894736,94.50819736842105,Percentage Discount,Instagram,7359.33,107198.0,3149.0,0.0,2.9375548051269615
2023-02-19,102389063.71,102.11625657894736,94.50819736842105,Percentage Discount,OOH,0.0,0.0,0.0,9698.83,0.0
2023-02-19,102389063.71,102.11625657894736,94.50819736842105,Percentage Discount,Print,0.0,0.0,0.0,9648.21,0.0
2023-02-19,102389063.71,102.11625657894736,94.50819736842105,Percentage Discount,Radio,0.0,0.0,0.0,13535.8,0.0
2023-02-19,102389063.71,102.11625657894736,94.50819736842105,Percentage Discount,TV,0.0,0.0,0.0,6648.19,0.0
2023-02-19,102389063.71,102.11625657894736,94.50819736842105,Percentage Discount,YouTube,7395.3,101660.0,3323.0,0.0,3.2687389337005706
2023-02-26,102362770.33,102.11625657894736,94.50819736842105,Percentage Discount,Facebook,6957.7699999999995,120370.0,2761.0,0.0,2.293760903879704
2023-02-26,102362770.33,102.11625657894736,94.50819736842105,Percentage Discount,Google Ads,7747.18,104882.0,3251.0,0.0,3.0996739192616465
2023-02-26,102362770.33,102.11625657894736,94.50819736842105,Percentage Discount,Influencer Marketing,7191.429999999999,108813.0,3453.0,0.0,3.1733340685396043
2023-02-26,102362770.33,102.11625657894736,94.50819736842105,Percentage Discount,Instagram,7461.92,111920.0,3301.0,0.0,2.9494281629735526
2023-02-26,102362770.33,102.11625657894736,94.50819736842105,Percentage Discount,OOH,0.0,0.0,0.0,3847.06,0.0
2023-02-26,102362770.33,102.11625657894736,94.50819736842105,Percentage Discount,Print,0.0,0.0,0.0,12065.73,0.0
2023-02-26,102362770.33,102.11625657894736,94.50819736842105,Percentage Discount,Radio,0.0,0.0,0.0,7152.14,0.0
2023-02-26,102362770.33,102.11625657894736,94.50819736842105,Percentage Discount,TV,0.0,0.0,0.0,13035.47,0.0
2023-02-26,102362770.33,102.11625657894736,94.50819736842105,Percentage Discount,YouTube,6829.389999999999,103578.0,2591.0,0.0,2.5014964567765356
2023-03-05,102518646.36,102.07092105263158,94.26988815789474,Percentage Discount,Facebook,7091.48,101877.0,3260.0,0.0,3.199937179147403
2023-03-05,102518646.36,102.07092105263158,94.26988815789474,Percentage Discount,Google Ads,5944.91,85051.0,2342.0,0.0,2.7536419324875663
2023-03-05,102518646.36,102.07092105263158,94.26988815789474,Percentage Discount,Influencer Marketing,6524.63,96042.0,3956.0,0.0,4.119031257158326
2023-03-05,102518646.36,102.07092105263158,94.26988815789474,Percentage Discount,Instagram,7677.08,106777.0,4142.0,0.0,3.879112542963372
2023-03-05,102518646.36,102.07092105263158,94.26988815789474,Percentage Discount,OOH,0.0,0.0,0.0,10679.14,0.0
2023-03-05,102518646.36,102.07092105263158,94.26988815789474,Percentage Discount,Print,0.0,0.0,0.0,12388.97,0.0
2023-03-05,102518646.36,102.07092105263158,94.26988815789474,Percentage Discount,Radio,0.0,0.0,0.0,14007.0,0.0
2023-03-05,102518646.36,102.07092105263158,94.26988815789474,Percentage Discount,TV,0.0,0.0,0.0,12165.05,0.0
2023-03-05,102518646.36,102.07092105263158,94.26988815789474,Percentage Discount,YouTube,6908.3,88766.0,2769.0,0.0,3.119437622513124
2023-03-12,102570612.61,102.07092105263158,94.26988815789474,Percentage Discount,Facebook,7127.2699999999995,99993.0,3150.0,0.0,3.1502205154360805
2023-03-12,102570612.61,102.07092105263158,94.26988815789474,Percentage Discount,Google Ads,6788.17,95743.0,2694.0,0.0,2.813782730852386
2023-03-12,102570612.61,102.07092105263158,94.26988815789474,Percentage Discount,Influencer Marketing,7053.15,103008.0,2800.0,0.0,2.7182354768561665
2023-03-12,102570612.61,102.07092105263158,94.26988815789474,Percentage Discount,Instagram,7029.1900000000005,102544.0,2610.0,0.0,2.5452488687782804
2023-03-12,102570612.61,102.07092105263158,94.26988815789474,Percentage Discount,OOH,0.0,0.0,0.0,11453.22,0.0
2023-03-12,102570612.61,102.07092105263158,94.26988815789474,Percentage Discount,Print,0.0,0.0,0.0,12249.1,0.0
2023-03-12,102570612.61,102.07092105263158,94.26988815789474,Percentage Discount,Radio,0.0,0.0,0.0,6044.36,0.0
2023-03-12,102570612.61,102.07092105263158,94.26988815789474,Percentage Discount,TV,0.0,0.0,0.0,11716.9,0.0
2023-03-12,102570612.61,102.07092105263158,94.26988815789474,Percentage Discount,YouTube,7457.66,91156.0,3068.0,0.0,3.3656588705077013
2023-03-19,102214657.13,102.07092105263158,94.26988815789474,Percentage Discount,Facebook,6504.04,95582.0,2997.0,0.0,3.1355276098010085
2023-03-19,102214657.13,102.07092105263158,94.26988815789474,Percentage Discount,Google Ads,6339.7,94118.0,2340.0,0.0,2.486240676597463
2023-03-19,102214657.13,102.07092105263158,94.26988815789474,Percentage Discount,Influencer Marketing,7067.47,108013.0,3439.0,0.0,3.183876014924129
2023-03-19,102214657.13,102.07092105263158,94.26988815789474,Percentage Discount,Instagram,7466.51,118360.0,3675.0,0.0,3.1049340993578913
2023-03-19,102214657.13,102.07092105263158,94.26988815789474,Percentage Discount,OOH,0.0,0.0,0.0,7568.84,0.0
2023-03-19,102214657.13,102.07092105263158,94.26988815789474,Percentage Discount,Print,0.0,0.0,0.0,9819.77,0.0
2023-03-19,102214657.13,102.07092105263158,94.26988815789474,Percentage Discount,Radio,0.0,0.0,0.0,11297.06,0.0
2023-03-19,102214657.13,102.07092105263158,94.26988815789474,Percentage Discount,TV,0.0,0.0,0.0,11535.83,0.0
2023-03-19,102214657.13,102.07092105263158,94.26988815789474,Percentage Discount,YouTube,7302.1,107494.0,3922.0,0.0,3.6485757344595977
2023-03-26,102962519.98,102.07092105263158,94.26988815789474,Percentage Discount,Facebook,6130.93,80983.0,2386.0,0.0,2.946297371053184
2023-03-26,102962519.98,102.07092105263158,94.26988815789474,Percentage Discount,Google Ads,6557.09,110139.0,1997.0,0.0,1.8131633662916857
2023-03-26,102962519.98,102.07092105263158,94.26988815789474,Percentage Discount,Influencer Marketing,5937.25,103472.0,3967.0,0.0,3.8338874284830684
2023-03-26,102962519.98,102.07092105263158,94.26988815789474,Percentage Discount,Instagram,7493.16,105965.0,3335.0,0.0,3.1472656065682068
2023-03-26,102962519.98,102.07092105263158,94.26988815789474,Percentage Discount,OOH,0.0,0.0,0.0,10421.06,0.0
2023-03-26,102962519.98,102.07092105263158,94.26988815789474,Percentage Discount,Print,0.0,0.0,0.0,7832.59,0.0
2023-03-26,102962519.98,102.07092105263158,94.26988815789474,Percentage Discount,Radio,0.0,0.0,0.0,10206.34,0.0
2023-03-26,102962519.98,102.07092105263158,94.26988815789474,Percentage Discount,TV,0.0,0.0,0.0,11244.39,0.0
2023-03-26,102962519.98,102.07092105263158,94.26988815789474,Percentage Discount,YouTube,7201.2699999999995,104278.0,2803.0,0.0,2.6880070580563493
2023-04-02,102103029.86,101.95572368421054,94.11577631578947,Percentage Discount,Facebook,6573.18,103724.0,3645.0,0.0,3.514133662411785
2023-04-02,102103029.86,101.95572368421054,94.11577631578947,Percentage Discount,Google Ads,6882.639999999999,99601.0,2990.0,0.0,3.001977891788235
2023-04-02,102103029.86,101.95572368421054,94.11577631578947,Percentage Discount,Influencer Marketing,7265.11,111560.0,3982.0,0.0,3.5693797059878096
2023-04-02,102103029.86,101.95572368421054,94.11577631578947,Percentage Discount,Instagram,6042.99,93736.0,3022.0,0.0,3.2239481095843647
2023-04-02,102103029.86,101.95572368421054,94.11577631578947,Percentage Discount,OOH,0.0,0.0,0.0,9886.23,0.0
2023-04-02,102103029.86,101.95572368421054,94.11577631578947,Percentage Discount,Print,0.0,0.0,0.0,12028.3,0.0
2023-04-02,102103029.86,101.95572368421054,94.11577631578947,Percentage Discount,Radio,0.0,0.0,0.0,14080.6,0.0
2023-04-02,102103029.86,101.95572368421054,94.11577631578947,Percentage Discount,TV,0.0,0.0,0.0,9353.72,0.0
2023-04-02,102103029.86,101.95572368421054,94.11577631578947,Percentage Discount,YouTube,8222.39,98066.0,3293.0,0.0,3.357942610078926
2023-04-09,102509647.45,101.95572368421054,94.11577631578947,Percentage Discount,Facebook,6429.52,95562.0,3482.0,0.0,3.643707749942446
2023-04-09,102509647.45,101.95572368421054,94.11577631578947,Percentage Discount,Google Ads,6409.43,105820.0,3739.0,0.0,3.5333585333585336
2023-04-09,102509647.45,101.95572368421054,94.11577631578947,Percentage Discount,Influencer Marketing,7174.62,98706.0,2931.0,0.0,2.9694243511032763
2023-04-09,102509647.45,101.95572368421054,94.11577631578947,Percentage Discount,Instagram,6462.47,87393.0,2513.0,0.0,2.8755163457027453
2023-04-09,102509647.45,101.95572368421054,94.11577631578947,Percentage Discount,OOH,0.0,0.0,0.0,10498.0,0.0
2023-04-09,102509647.45,101.95572368421054,94.11577631578947,Percentage Discount,Print,0.0,0.0,0.0,6507.72,0.0
2023-04-09,102509647.45,101.95572368421054,94.11577631578947,Percentage Discount,Radio,0.0,0.0,0.0,6873.45,0.0
2023-04-09,102509647.45,101.95572368421054,94.11577631578947,Percentage Discount,TV,0.0,0.0,0.0,10158.52,0.0
2023-04-09,102509647.45,101.95572368421054,94.11577631578947,Percentage Discount,YouTube,6787.74,95713.0,3318.0,0.0,3.4666137306322025
2023-04-16,103031940.15,101.95572368421054,94.11577631578947,Percentage Discount,Facebook,6854.01,112644.0,3757.0,0.0,3.3352863889776643
2023-04-16,103031940.15,101.95572368421054,94.11577631578947,Percentage Discount,Google Ads,7647.73,123410.0,3454.0,0.0,2.798800745482538
2023-04-16,103031940.15,101.95572368421054,94.11577631578947,Percentage Discount,Influencer Marketing,7067.01,109433.0,3912.0,0.0,3.5747900541884077
2023-04-16,103031940.15,101.95572368421054,94.11577631578947,Percentage Discount,Instagram,7015.77,111256.0,3504.0,0.0,3.149493061048393
2023-04-16,103031940.15,101.95572368421054,94.11577631578947,Percentage Discount,OOH,0.0,0.0,0.0,9708.88,0.0
2023-04-16,103031940.15,101.95572368421054,94.11577631578947,Percentage Discount,Print,0.0,0.0,0.0,8841.13,0.0
2023-04-16,103031940.15,101.95572368421054,94.11577631578947,Percentage Discount,Radio,0.0,0.0,0.0,10147.35,0.0
2023-04-16,103031940.15,101.95572368421054,94.11577631578947,Percentage Discount,TV,0.0,0.0,0.0,15292.38,0.0
2023-04-16,103031940.15,101.95572368421054,94.11577631578947,Percentage Discount,YouTube,6532.64,98221.0,3362.0,0.0,3.4228932712963624
2023-04-23,102460700.85,101.95572368421054,94.11577631578947,Percentage Discount,Facebook,6855.67,98227.0,2780.0,0.0,2.8301790749997453
2023-04-23,102460700.85,101.95572368421054,94.11577631578947,Percentage Discount,Google Ads,5996.35,93130.0,3167.0,0.0,3.4006227853538067
2023-04-23,102460700.85,101.95572368421054,94.11577631578947,Percentage Discount,Influencer Marketing,6949.01,99824.0,3290.0,0.0,3.2958006090719665
2023-04-23,102460700.85,101.95572368421054,94.11577631578947,Percentage Discount,Instagram,7086.7,96790.0,3078.0,0.0,3.1800805868374833
2023-04-23,102460700.85,101.95572368421054,94.11577631578947,Percentage Discount,OOH,0.0,0.0,0.0,9092.2,0.0
2023-04-23,102460700.85,101.95572368421054,94.11577631578947,Percentage Discount,Print,0.0,0.0,0.0,11065.75,0.0
2023-04-23,102460700.85,101.95572368421054,94.11577631578947,Percentage Discount,Radio,0.0,0.0,0.0,8130.39,0.0
2023-04-23,102460700.85,101.95572368421054,94.11577631578947,Percentage Discount,TV,0.0,0.0,0.0,14629.79,0.0
2023-04-23,102460700.85,101.95572368421054,94.11577631578947,Percentage Discount,YouTube,6886.42,99989.0,2307.0,0.0,2.3072537979177707
2023-04-30,102693414.03,101.95572368421054,94.11577631578947,Percentage Discount,Facebook,6605.17,96532.0,2496.0,0.0,2.585671072804873
2023-04-30,102693414.03,101.95572368421054,94.11577631578947,Percentage Discount,Google Ads,7422.85,113492.0,2552.0,0.0,2.248616642582737
2023-04-30,102693414.03,101.95572368421054,94.11577631578947,Percentage Discount,Influencer Marketing,6686.48,103799.0,2836.0,0.0,2.7322035857763565
2023-04-30,102693414.03,101.95572368421054,94.11577631578947,Percentage Discount,Instagram,7588.33,124994.0,3737.0,0.0,2.989743507688369
2023-04-30,102693414.03,101.95572368421054,94.11577631578947,Percentage Discount,OOH,0.0,0.0,0.0,11830.24,0.0
2023-04-30,102693414.03,101.95572368421054,94.11577631578947,Percentage Discount,Print,0.0,0.0,0.0,8635.94,0.0
2023-04-30,102693414.03,101.95572368421054,94.11577631578947,Percentage Discount,Radio,0.0,0.0,0.0,10536.35,0.0
2023-04-30,102693414.03,101.95572368421054,94.11577631578947,Percentage Discount,TV,0.0,0.0,0.0,9053.29,0.0
2023-04-30,102693414.03,101.95572368421054,94.11577631578947,Percentage Discount,YouTube,6856.849999999999,110312.0,3512.0,0.0,3.183697149902096
2023-05-07,103002263.05,102.00863815789474,94.55901315789474,Buy One Get One Free,Facebook,6401.1900000000005,82924.0,2675.0,0.0,3.225845352370846
2023-05-07,103002263.05,102.00863815789474,94.55901315789474,Buy One Get One Free,Google Ads,6806.36,106485.0,2515.0,0.0,2.361835000234775
2023-05-07,103002263.05,102.00863815789474,94.55901315789474,Buy One Get One Free,Influencer Marketing,7028.860000000001,103942.0,2307.0,0.0,2.2195070327682744
2023-05-07,103002263.05,102.00863815789474,94.55901315789474,Buy One Get One Free,Instagram,7014.66,111225.0,4629.0,0.0,4.161834120026972
2023-05-07,103002263.05,102.00863815789474,94.55901315789474,Buy One Get One Free,OOH,0.0,0.0,0.0,7676.77,0.0
2023-05-07,103002263.05,102.00863815789474,94.55901315789474,Buy One Get One Free,Print,0.0,0.0,0.0,7582.3,0.0
2023-05-07,103002263.05,102.00863815789474,94.55901315789474,Buy One Get One Free,Radio,0.0,0.0,0.0,9073.95,0.0
2023-05-07,103002263.05,102.00863815789474,94.55901315789474,Buy One Get One Free,TV,0.0,0.0,0.0,7416.38,0.0
2023-05-07,103002263.05,102.00863815789474,94.55901315789474,Buy One Get One Free,YouTube,7365.77,105121.0,3610.0,0.0,3.4341378031030905
2023-05-14,102315385.06,102.00863815789474,94.55901315789474,Buy One Get One Free,Facebook,6284.29,105844.0,2709.0,0.0,2.559427081365028
2023-05-14,102315385.06,102.00863815789474,94.55901315789474,Buy One Get One Free,Google Ads,8459.51,136951.0,3315.0,0.0,2.4205737818635864
2023-05-14,102315385.06,102.00863815789474,94.55901315789474,Buy One Get One Free,Influencer Marketing,6222.64,95407.0,2337.0,0.0,2.449505801461109
2023-05-14,102315385.06,102.00863815789474,94.55901315789474,Buy One Get One Free,Instagram,6876.28,117423.0,3999.0,0.0,3.4056360338264224
2023-05-14,102315385.06,102.00863815789474,94.55901315789474,Buy One Get One Free,OOH,0.0,0.0,0.0,15260.47,0.0
2023-05-14,102315385.06,102.00863815789474,94.55901315789474,Buy One Get One Free,Print,0.0,0.0,0.0,5163.8,0.0
2023-05-14,102315385.06,102.00863815789474,94.55901315789474,Buy One Get One Free,Radio,0.0,0.0,0.0,6707.29,0.0
2023-05-14,102315385.06,102.00863815789474,94.55901315789474,Buy One Get One Free,TV,0.0,0.0,0.0,9910.25,0.0
2023-05-14,102315385.06,102.00863815789474,94.55901315789474,Buy One Get One Free,YouTube,7188.78,99778.0,2252.0,0.0,2.257010563450861
2023-05-21,102539140.75,102.00863815789474,94.55901315789474,Buy One Get One Free,Facebook,6700.72,100245.0,3006.0,0.0,2.9986532994164294
2023-05-21,102539140.75,102.00863815789474,94.55901315789474,Buy One Get One Free,Google Ads,7447.9800000000005,98879.0,3543.0,0.0,3.5831673054945945
2023-05-21,102539140.75,102.00863815789474,94.55901315789474,Buy One Get One Free,Influencer Marketing,7185.9,106640.0,3246.0,0.0,3.043885971492873
2023-05-21,102539140.75,102.00863815789474,94.55901315789474,Buy One Get One Free,Instagram,7318.49,108501.0,2323.0,0.0,2.1409940922203483
2023-05-21,102539140.75,102.00863815789474,94.55901315789474,Buy One Get One Free,OOH,0.0,0.0,0.0,8789.19,0.0
2023-05-21,102539140.75,102.00863815789474,94.55901315789474,Buy One Get One Free,Print,0.0,0.0,0.0,13622.82,0.0
2023-05-21,102539140.75,102.00863815789474,94.55901315789474,Buy One Get One Free,Radio,0.0,0.0,0.0,9311.49,0.0
2023-05-21,102539140.75,102.00863815789474,94.55901315789474,Buy One Get One Free,TV,0.0,0.0,0.0,13230.11,0.0
2023-05-21,102539140.75,102.00863815789474,94.55901315789474,Buy One Get One Free,YouTube,6058.360000000001,87298.0,2285.0,0.0,2.6174711906343786
2023-05-28,103117777.82,102.00863815789474,94.55901315789474,Buy One Get One Free,Facebook,7410.36,105822.0,3079.0,0.0,2.909602918107766
2023-05-28,103117777.82,102.00863815789474,94.55901315789474,Buy One Get One Free,Google Ads,6390.2699999999995,92730.0,2696.0,0.0,2.9073654696430498
2023-05-28,103117777.82,102.00863815789474,94.55901315789474,Buy One Get One Free,Influencer Marketing,7647.47,109043.0,4148.0,0.0,3.8040039250570876
2023-05-28,103117777.82,102.00863815789474,94.55901315789474,Buy One Get One Free,Instagram,6478.93,89103.0,2678.0,0.0,3.0055104766393947
2023-05-28,103117777.82,102.00863815789474,94.55901315789474,Buy One Get One Free,OOH,0.0,0.0,0.0,11615.28,0.0
2023-05-28,103117777.82,102.00863815789474,94.55901315789474,Buy One Get One Free,Print,0.0,0.0,0.0,11246.58,0.0
2023-05-28,103117777.82,102.00863815789474,94.55901315789474,Buy One Get One Free,Radio,0.0,0.0,0.0,14128.16,0.0
2023-05-28,103117777.82,102.00863815789474,94.55901315789474,Buy One Get One Free,TV,0.0,0.0,0.0,6627.45,0.0
2023-05-28,103117777.82,102.00863815789474,94.55901315789474,Buy One Get One Free,YouTube,6457.969999999999,103872.0,2472.0,0.0,2.379852125693161
2023-06-04,102506757.89,101.94175657894736,94.14593421052632,Percentage Discount,Facebook,6816.889999999999,101686.0,2451.0,0.0,2.410361308341365
2023-06-04,102506757.89,101.94175657894736,94.14593421052632,Percentage Discount,Google Ads,7493.74,109685.0,3528.0,0.0,3.2164835665770157
2023-06-04,102506757.89,101.94175657894736,94.14593421052632,Percentage Discount,Influencer Marketing,6178.71,101139.0,3132.0,0.0,3.096728265060956
2023-06-04,102506757.89,101.94175657894736,94.14593421052632,Percentage Discount,Instagram,8434.01,127040.0,4570.0,0.0,3.5972921914357685
2023-06-04,102506757.89,101.94175657894736,94.14593421052632,Percentage Discount,OOH,0.0,0.0,0.0,10512.73,0.0
2023-06-04,102506757.89,101.94175657894736,94.14593421052632,Percentage Discount,Print,0.0,0.0,0.0,14229.21,0.0
2023-06-04,102506757.89,101.94175657894736,94.14593421052632,Percentage Discount,Radio,0.0,0.0,0.0,7700.48,0.0
2023-06-04,102506757.89,101.94175657894736,94.14593421052632,Percentage Discount,TV,0.0,0.0,0.0,12073.44,0.0
2023-06-04,102506757.89,101.94175657894736,94.14593421052632,Percentage Discount,YouTube,6930.19,102414.0,3258.0,0.0,3.1812056945339506
2023-06-11,102818181.22,101.94175657894736,94.14593421052632,Percentage Discount,Facebook,6880.87,98479.0,2140.0,0.0,2.1730521227875994
2023-06-11,102818181.22,101.94175657894736,94.14593421052632,Percentage Discount,Google Ads,6896.92,108811.0,2659.0,0.0,2.443686759610701
2023-06-11,102818181.22,101.94175657894736,94.14593421052632,Percentage Discount,Influencer Marketing,7682.61,111601.0,4246.0,0.0,3.8046254065823786
2023-06-11,102818181.22,101.94175657894736,94.14593421052632,Percentage Discount,Instagram,7200.719999999999,106664.0,3702.0,0.0,3.470711767794195
2023-06-11,102818181.22,101.94175657894736,94.14593421052632,Percentage Discount,OOH,0.0,0.0,0.0,14102.01,0.0
2023-06-11,102818181.22,101.94175657894736,94.14593421052632,Percentage Discount,Print,0.0,0.0,0.0,5967.06,0.0
2023-06-11,102818181.22,101.94175657894736,94.14593421052632,Percentage Discount,Radio,0.0,0.0,0.0,9558.83,0.0
2023-06-11,102818181.22,101.94175657894736,94.14593421052632,Percentage Discount,TV,0.0,0.0,0.0,8381.11,0.0
2023-06-11,102818181.22,101.94175657894736,94.14593421052632,Percentage Discount,YouTube,6269.46,97019.0,2800.0,0.0,2.8860326327832695
2023-06-18,102006775.23,101.94175657894736,94.14593421052632,Percentage Discount,Facebook,6344.07,90756.0,2407.0,0.0,2.652166247961567
2023-06-18,102006775.23,101.94175657894736,94.14593421052632,Percentage Discount,Google Ads,6056.72,99030.0,3464.0,0.0,3.497929920226194
2023-06-18,102006775.23,101.94175657894736,94.14593421052632,Percentage Discount,Influencer Marketing,7697.83,102186.0,3677.0,0.0,3.5983402814475562
2023-06-18,102006775.23,101.94175657894736,94.14593421052632,Percentage Discount,Instagram,6097.21,92029.0,2478.0,0.0,2.6926294972237015
2023-06-18,102006775.23,101.94175657894736,94.14593421052632,Percentage Discount,OOH,0.0,0.0,0.0,13435.87,0.0
2023-06-18,102006775.23,101.94175657894736,94.14593421052632,Percentage Discount,Print,0.0,0.0,0.0,8255.12,0.0
2023-06-18,102006775.23,101.94175657894736,94.14593421052632,Percentage Discount,Radio,0.0,0.0,0.0,8106.72,0.0
2023-06-18,102006775.23,101.94175657894736,94.14593421052632,Percentage Discount,TV,0.0,0.0,0.0,7891.49,0.0
2023-06-18,102006775.23,101.94175657894736,94.14593421052632,Percentage Discount,YouTube,7685.65,100941.0,3271.0,0.0,3.2405068307228975
2023-06-25,102224380.4,101.94175657894736,94.14593421052632,Percentage Discount,Facebook,6454.63,111274.0,4102.0,0.0,3.6863957438395314
2023-06-25,102224380.4,101.94175657894736,94.14593421052632,Percentage Discount,Google Ads,6738.82,120735.0,3693.0,0.0,3.0587650639831034
2023-06-25,102224380.4,101.94175657894736,94.14593421052632,Percentage Discount,Influencer Marketing,6259.71,88322.0,3081.0,0.0,3.488372093023256
2023-06-25,102224380.4,101.94175657894736,94.14593421052632,Percentage Discount,Instagram,6776.52,98234.0,2764.0,0.0,2.813689761182483
2023-06-25,102224380.4,101.94175657894736,94.14593421052632,Percentage Discount,OOH,0.0,0.0,0.0,11530.66,0.0
2023-06-25,102224380.4,101.94175657894736,94.14593421052632,Percentage Discount,Print,0.0,0.0,0.0,9046.37,0.0
2023-06-25,102224380.4,101.94175657894736,94.14593421052632,Percentage Discount,Radio,0.0,0.0,0.0,8554.63,0.0
2023-06-25,102224380.4,101.94175657894736,94.14593421052632,Percentage Discount,TV,0.0,0.0,0.0,12094.3,0.0
2023-06-25,102224380.4,101.94175657894736,94.14593421052632,Percentage Discount,YouTube,6409.49,108030.0,3085.0,0.0,2.8556882347496066
2023-07-02,102110271.19,102.1114605263158,94.3517894736842,Percentage Discount,Facebook,7344.21,108819.0,3238.0,0.0,2.9755833080620113
2023-07-02,102110271.19,102.1114605263158,94.3517894736842,Percentage Discount,Google Ads,6652.15,102161.0,4043.0,0.0,3.957478881373518
2023-07-02,102110271.19,102.1114605263158,94.3517894736842,Percentage Discount,Influencer Marketing,7102.35,96861.0,2958.0,0.0,3.053860686963793
2023-07-02,102110271.19,102.1114605263158,94.3517894736842,Percentage Discount,Instagram,7107.58,96565.0,3447.0,0.0,3.5696163206130587
2023-07-02,102110271.19,102.1114605263158,94.3517894736842,Percentage Discount,OOH,0.0,0.0,0.0,14278.21,0.0
2023-07-02,102110271.19,102.1114605263158,94.3517894736842,Percentage Discount,Print,0.0,0.0,0.0,11607.55,0.0
2023-07-02,102110271.19,102.1114605263158,94.3517894736842,Percentage Discount,Radio,0.0,0.0,0.0,12807.52,0.0
2023-07-02,102110271.19,102.1114605263158,94.3517894736842,Percentage Discount,TV,0.0,0.0,0.0,10729.24,0.0
2023-07-02,102110271.19,102.1114605263158,94.3517894736842,Percentage Discount,YouTube,6577.66,99027.0,2511.0,0.0,2.5356720894301557
2023-07-09,103024804.69,102.1114605263158,94.3517894736842,Percentage Discount,Facebook,7474.95,100444.0,3199.0,0.0,3.1848592250408188
2023-07-09,103024804.69,102.1114605263158,94.3517894736842,Percentage Discount,Google Ads,7330.4,108288.0,3023.0,0.0,2.7916297281323876
2023-07-09,103024804.69,102.1114605263158,94.3517894736842,Percentage Discount,Influencer Marketing,8086.37,138036.0,5105.0,0.0,3.6983105856443244
2023-07-09,103024804.69,102.1114605263158,94.3517894736842,Percentage Discount,Instagram,7184.43,94886.0,2945.0,0.0,3.103724469363236
2023-07-09,103024804.69,102.1114605263158,94.3517894736842,Percentage Discount,OOH,0.0,0.0,0.0,11907.68,0.0
2023-07-09,103024804.69,102.1114605263158,94.3517894736842,Percentage Discount,Print,0.0,0.0,0.0,10078.06,0.0
2023-07-09,103024804.69,102.1114605263158,94.3517894736842,Percentage Discount,Radio,0.0,0.0,0.0,5369.7,0.0
2023-07-09,103024804.69,102.1114605263158,94.3517894736842,Percentage Discount,TV,0.0,0.0,0.0,12148.11,0.0
2023-07-09,103024804.69,102.1114605263158,94.3517894736842,Percentage Discount,YouTube,7961.24,118469.0,3668.0,0.0,3.0961686179506875
2023-07-16,102234123.13,102.1114605263158,94.3517894736842,Percentage Discount,Facebook,7378.87,102927.0,3159.0,0.0,3.0691655250808827
2023-07-16,102234123.13,102.1114605263158,94.3517894736842,Percentage Discount,Google Ads,7273.47,104808.0,2273.0,0.0,2.1687275780474775
2023-07-16,102234123.13,102.1114605263158,94.3517894736842,Percentage Discount,Influencer Marketing,6551.93,84080.0,2364.0,0.0,2.811607992388202
2023-07-16,102234123.13,102.1114605263158,94.3517894736842,Percentage Discount,Instagram,6477.92,86260.0,2572.0,0.0,2.981683283097612
2023-07-16,102234123.13,102.1114605263158,94.3517894736842,Percentage Discount,OOH,0.0,0.0,0.0,15076.81,0.0
2023-07-16,102234123.13,102.1114605263158,94.3517894736842,Percentage Discount,Print,0.0,0.0,0.0,13025.86,0.0
2023-07-16,102234123.13,102.1114605263158,94.3517894736842,Percentage Discount,Radio,0.0,0.0,0.0,7119.96,0.0
2023-07-16,102234123.13,102.1114605263158,94.3517894736842,Percentage Discount,TV,0.0,0.0,0.0,14766.11,0.0
2023-07-16,102234123.13,102.1114605263158,94.3517894736842,Percentage Discount,YouTube,6993.83,113700.0,2864.0,0.0,2.518909410729991
2023-07-23,102178530.45,102.1114605263158,94.3517894736842,Percentage Discount,Facebook,6899.43,110622.0,2691.0,0.0,2.432608341921137
2023-07-23,102178530.45,102.1114605263158,94.3517894736842,Percentage Discount,Google Ads,7321.93,124509.0,2932.0,0.0,2.354849850211631
2023-07-23,102178530.45,102.1114605263158,94.3517894736842,Percentage Discount,Influencer Marketing,5958.05,82802.0,2235.0,0.0,2.6992101640057005
2023-07-23,102178530.45,102.1114605263158,94.3517894736842,Percentage Discount,Instagram,7229.860000000001,117843.0,3831.0,0.0,3.2509355668134723
2023-07-23,102178530.45,102.1114605263158,94.3517894736842,Percentage Discount,OOH,0.0,0.0,0.0,7518.66,0.0
2023-07-23,102178530.45,102.1114605263158,94.3517894736842,Percentage Discount,Print,0.0,0.0,0.0,7450.49,0.0
2023-07-23,102178530.45,102.1114605263158,94.3517894736842,Percentage Discount,Radio,0.0,0.0,0.0,7366.28,0.0
2023-07-23,102178530.45,102.1114605263158,94.3517894736842,Percentage Discount,TV,0.0,0.0,0.0,11184.99,0.0
2023-07-23,102178530.45,102.1114605263158,94.3517894736842,Percentage Discount,YouTube,6586.34,89804.0,2094.0,0.0,2.3317446884325865
2023-07-30,102971264.45,102.1114605263158,94.3517894736842,Percentage Discount,Facebook,7181.400000000001,109678.0,2320.0,0.0,2.1152829190904283
2023-07-30,102971264.45,102.1114605263158,94.3517894736842,Percentage Discount,Google Ads,7341.01,87960.0,2541.0,0.0,2.88881309686221
2023-07-30,102971264.45,102.1114605263158,94.3517894736842,Percentage Discount,Influencer Marketing,7394.41,109864.0,3718.0,0.0,3.384184082137916
2023-07-30,102971264.45,102.1114605263158,94.3517894736842,Percentage Discount,Instagram,7277.7300000000005,103346.0,3774.0,0.0,3.651810423238442
2023-07-30,102971264.45,102.1114605263158,94.3517894736842,Percentage Discount,OOH,0.0,0.0,0.0,8618.83,0.0
2023-07-30,102971264.45,102.1114605263158,94.3517894736842,Percentage Discount,Print,0.0,0.0,0.0,10158.88,0.0
2023-07-30,102971264.45,102.1114605263158,94.3517894736842,Percentage Discount,Radio,0.0,0.0,0.0,8583.09,0.0
2023-07-30,102971264.45,102.1114605263158,94.3517894736842,Percentage Discount,TV,0.0,0.0,0.0,14222.64,0.0
2023-07-30,102971264.45,102.1114605263158,94.3517894736842,Percentage Discount,YouTube,6671.02,97963.0,3293.0,0.0,3.361473209272889
2023-08-06,102697694.18,101.9769802631579,94.21090131578949,Percentage Discount,Facebook,8245.21,123026.0,3781.0,0.0,3.073334091980557
2023-08-06,102697694.18,101.9769802631579,94.21090131578949,Percentage Discount,Google Ads,7481.21,122776.0,3860.0,0.0,3.1439369257835406
2023-08-06,102697694.18,101.9769802631579,94.21090131578949,Percentage Discount,Influencer Marketing,7156.33,113411.0,3882.0,0.0,3.422948391249526
2023-08-06,102697694.18,101.9769802631579,94.21090131578949,Percentage Discount,Instagram,6400.950000000001,101969.0,3438.0,0.0,3.3716129411880083
2023-08-06,102697694.18,101.9769802631579,94.21090131578949,Percentage Discount,OOH,0.0,0.0,0.0,8616.59,0.0
2023-08-06,102697694.18,101.9769802631579,94.21090131578949,Percentage Discount,Print,0.0,0.0,0.0,12933.14,0.0
2023-08-06,102697694.18,101.9769802631579,94.21090131578949,Percentage Discount,Radio,0.0,0.0,0.0,10310.49,0.0
2023-08-06,102697694.18,101.9769802631579,94.21090131578949,Percentage Discount,TV,0.0,0.0,0.0,3017.64,0.0
2023-08-06,102697694.18,101.9769802631579,94.21090131578949,Percentage Discount,YouTube,6961.75,100745.0,2598.0,0.0,2.5787880291825895
2023-08-13,102878422.19,101.9769802631579,94.21090131578949,Percentage Discount,Facebook,7432.48,102757.0,3344.0,0.0,3.2542795138044123
2023-08-13,102878422.19,101.9769802631579,94.21090131578949,Percentage Discount,Google Ads,6872.66,104605.0,2928.0,0.0,2.799101381387123
2023-08-13,102878422.19,101.9769802631579,94.21090131578949,Percentage Discount,Influencer Marketing,7701.05,109563.0,2633.0,0.0,2.4031835564926114
2023-08-13,102878422.19,101.9769802631579,94.21090131578949,Percentage Discount,Instagram,6719.98,93556.0,3354.0,0.0,3.585018598486468
2023-08-13,102878422.19,101.9769802631579,94.21090131578949,Percentage Discount,OOH,0.0,0.0,0.0,5745.35,0.0
2023-08-13,102878422.19,101.9769802631579,94.21090131578949,Percentage Discount,Print,0.0,0.0,0.0,9392.22,0.0
2023-08-13,102878422.19,101.9769802631579,94.21090131578949,Percentage Discount,Radio,0.0,0.0,0.0,9203.68,0.0
2023-08-13,102878422.19,101.9769802631579,94.21090131578949,Percentage Discount,TV,0.0,0.0,0.0,8949.44,0.0
2023-08-13,102878422.19,101.9769802631579,94.21090131578949,Percentage Discount,YouTube,6679.91,100507.0,3630.0,0.0,3.6116887380978437
2023-08-20,102058923.91,101.9769802631579,94.21090131578949,Percentage Discount,Facebook,6843.71,109994.0,2807.0,0.0,2.5519573794934267
2023-08-20,102058923.91,101.9769802631579,94.21090131578949,Percentage Discount,Google Ads,7061.07,94435.0,3160.0,0.0,3.3462169746386405
2023-08-20,102058923.91,101.9769802631579,94.21090131578949,Percentage Discount,Influencer Marketing,6258.87,89664.0,2895.0,0.0,3.228720556745182
2023-08-20,102058923.91,101.9769802631579,94.21090131578949,Percentage Discount,Instagram,6696.62,89597.0,1870.0,0.0,2.087123452794178
2023-08-20,102058923.91,101.9769802631579,94.21090131578949,Percentage Discount,OOH,0.0,0.0,0.0,6468.53,0.0
2023-08-20,102058923.91,101.9769802631579,94.21090131578949,Percentage Discount,Print,0.0,0.0,0.0,10806.78,0.0
2023-08-20,102058923.91,101.9769802631579,94.21090131578949,Percentage Discount,Radio,0.0,0.0,0.0,7379.11,0.0
2023-08-20,102058923.91,101.9769802631579,94.21090131578949,Percentage Discount,TV,0.0,0.0,0.0,11342.92,0.0
2023-08-20,102058923.91,101.9769802631579,94.21090131578949,Percentage Discount,YouTube,7278.43,110958.0,3077.0,0.0,2.773121361235783
2023-08-27,102300567.95,101.9769802631579,94.21090131578949,Percentage Discount,Facebook,6736.33,101279.0,1960.0,0.0,1.93524817583112
2023-08-27,102300567.95,101.9769802631579,94.21090131578949,Percentage Discount,Google Ads,6648.57,109483.0,2972.0,0.0,2.7145766922718595
2023-08-27,102300567.95,101.9769802631579,94.21090131578949,Percentage Discount,Influencer Marketing,5874.96,84788.0,2562.0,0.0,3.0216540076425913
2023-08-27,102300567.95,101.9769802631579,94.21090131578949,Percentage Discount,Instagram,7791.65,125167.0,3582.0,0.0,2.861776666373725
2023-08-27,102300567.95,101.9769802631579,94.21090131578949,Percentage Discount,OOH,0.0,0.0,0.0,8176.81,0.0
2023-08-27,102300567.95,101.9769802631579,94.21090131578949,Percentage Discount,Print,0.0,0.0,0.0,8831.75,0.0
2023-08-27,102300567.95,101.9769802631579,94.21090131578949,Percentage Discount,Radio,0.0,0.0,0.0,10784.37,0.0
2023-08-27,102300567.95,101.9769802631579,94.21090131578949,Percentage Discount,TV,0.0,0.0,0.0,10111.82,0.0
2023-08-27,102300567.95,101.9769802631579,94.21090131578949,Percentage Discount,YouTube,7084.35,92131.0,2520.0,0.0,2.735235696996668
2023-09-03,102318549.89,102.03438815789472,94.6768157894737,Percentage Discount,Facebook,6525.24,102263.0,1700.0,0.0,1.6623803330627889
2023-09-03,102318549.89,102.03438815789472,94.6768157894737,Percentage Discount,Google Ads,7234.91,107449.0,2525.0,0.0,2.349952070284507
2023-09-03,102318549.89,102.03438815789472,94.6768157894737,Percentage Discount,Influencer Marketing,7331.09,105498.0,2752.0,0.0,2.6085802574456385
2023-09-03,102318549.89,102.03438815789472,94.6768157894737,Percentage Discount,Instagram,7467.349999999999,122733.0,3370.0,0.0,2.7457977886957865
2023-09-03,102318549.89,102.03438815789472,94.6768157894737,Percentage Discount,OOH,0.0,0.0,0.0,11903.78,0.0
2023-09-03,102318549.89,102.03438815789472,94.6768157894737,Percentage Discount,Print,0.0,0.0,0.0,11412.55,0.0
2023-09-03,102318549.89,102.03438815789472,94.6768157894737,Percentage Discount,Radio,0.0,0.0,0.0,9602.6,0.0
2023-09-03,102318549.89,102.03438815789472,94.6768157894737,Percentage Discount,TV,0.0,0.0,0.0,9485.61,0.0
2023-09-03,102318549.89,102.03438815789472,94.6768157894737,Percentage Discount,YouTube,7053.49,93385.0,2254.0,0.0,2.4136638646463564
2023-09-10,102548266.97,102.03438815789472,94.6768157894737,Percentage Discount,Facebook,7644.31,123879.0,3980.0,0.0,3.212812502522623
2023-09-10,102548266.97,102.03438815789472,94.6768157894737,Percentage Discount,Google Ads,7456.73,99268.0,2916.0,0.0,2.9375025184349437
2023-09-10,102548266.97,102.03438815789472,94.6768157894737,Percentage Discount,Influencer Marketing,6978.18,107917.0,3616.0,0.0,3.350723241009294
2023-09-10,102548266.97,102.03438815789472,94.6768157894737,Percentage Discount,Instagram,7324.02,118937.0,3477.0,0.0,2.923396419953421
2023-09-10,102548266.97,102.03438815789472,94.6768157894737,Percentage Discount,OOH,0.0,0.0,0.0,8175.19,0.0
2023-09-10,102548266.97,102.03438815789472,94.6768157894737,Percentage Discount,Print,0.0,0.0,0.0,9166.66,0.0
2023-09-10,102548266.97,102.03438815789472,94.6768157894737,Percentage Discount,Radio,0.0,0.0,0.0,14199.07,0.0
2023-09-10,102548266.97,102.03438815789472,94.6768157894737,Percentage Discount,TV,0.0,0.0,0.0,16358.62,0.0
2023-09-10,102548266.97,102.03438815789472,94.6768157894737,Percentage Discount,YouTube,7565.26,110231.0,2918.0,0.0,2.6471682194663932
2023-09-17,102856598.08,102.03438815789472,94.6768157894737,Percentage Discount,Facebook,6417.58,100580.0,2163.0,0.0,2.150526943726387
2023-09-17,102856598.08,102.03438815789472,94.6768157894737,Percentage Discount,Google Ads,7348.88,116615.0,2651.0,0.0,2.273292458088582
2023-09-17,102856598.08,102.03438815789472,94.6768157894737,Percentage Discount,Influencer Marketing,6857.24,103104.0,3397.0,0.0,3.2947315332091867
2023-09-17,102856598.08,102.03438815789472,94.6768157894737,Percentage Discount,Instagram,6133.54,89654.0,3194.0,0.0,3.562585049189105
2023-09-17,102856598.08,102.03438815789472,94.6768157894737,Percentage Discount,OOH,0.0,0.0,0.0,11081.51,0.0
2023-09-17,102856598.08,102.03438815789472,94.6768157894737,Percentage Discount,Print,0.0,0.0,0.0,6549.12,0.0
2023-09-17,102856598.08,102.03438815789472,94.6768157894737,Percentage Discount,Radio,0.0,0.0,0.0,13933.05,0.0
2023-09-17,102856598.08,102.03438815789472,94.6768157894737,Percentage Discount,TV,0.0,0.0,0.0,10565.31,0.0
2023-09-17,102856598.08,102.03438815789472,94.6768157894737,Percentage Discount,YouTube,7037.43,98397.0,3324.0,0.0,3.3781517729199058
2023-09-24,102198495.43,102.03438815789472,94.6768157894737,Percentage Discount,Facebook,7429.9,121059.0,3826.0,0.0,3.160442428898306
2023-09-24,102198495.43,102.03438815789472,94.6768157894737,Percentage Discount,Google Ads,6332.84,94888.0,3228.0,0.0,3.401905404266082
2023-09-24,102198495.43,102.03438815789472,94.6768157894737,Percentage Discount,Influencer Marketing,7407.12,98238.0,2509.0,0.0,2.5540015065453288
2023-09-24,102198495.43,102.03438815789472,94.6768157894737,Percentage Discount,Instagram,6865.0199999999995,105587.0,2516.0,0.0,2.382869103203993
2023-09-24,102198495.43,102.03438815789472,94.6768157894737,Percentage Discount,OOH,0.0,0.0,0.0,10070.92,0.0
2023-09-24,102198495.43,102.03438815789472,94.6768157894737,Percentage Discount,Print,0.0,0.0,0.0,14183.21,0.0
2023-09-24,102198495.43,102.03438815789472,94.6768157894737,Percentage Discount,Radio,0.0,0.0,0.0,5444.52,0.0
2023-09-24,102198495.43,102.03438815789472,94.6768157894737,Percentage Discount,TV,0.0,0.0,0.0,10089.84,0.0
2023-09-24,102198495.43,102.03438815789472,94.6768157894737,Percentage Discount,YouTube,6828.51,104078.0,3153.0,0.0,3.029458675224351
2023-10-01,102986614.21,101.93340131578947,94.4134802631579,Buy One Get One Free,Facebook,6978.96,105243.0,3420.0,0.0,3.2496223026709616
2023-10-01,102986614.21,101.93340131578947,94.4134802631579,Buy One Get One Free,Google Ads,7190.43,114941.0,3673.0,0.0,3.1955525008482617
2023-10-01,102986614.21,101.93340131578947,94.4134802631579,Buy One Get One Free,Influencer Marketing,6154.24,100128.0,3463.0,0.0,3.458573026526047
2023-10-01,102986614.21,101.93340131578947,94.4134802631579,Buy One Get One Free,Instagram,7196.04,108456.0,3649.0,0.0,3.364498045290256
2023-10-01,102986614.21,101.93340131578947,94.4134802631579,Buy One Get One Free,OOH,0.0,0.0,0.0,13382.83,0.0
2023-10-01,102986614.21,101.93340131578947,94.4134802631579,Buy One Get One Free,Print,0.0,0.0,0.0,14446.69,0.0
2023-10-01,102986614.21,101.93340131578947,94.4134802631579,Buy One Get One Free,Radio,0.0,0.0,0.0,7477.71,0.0
2023-10-01,102986614.21,101.93340131578947,94.4134802631579,Buy One Get One Free,TV,0.0,0.0,0.0,14434.33,0.0
2023-10-01,102986614.21,101.93340131578947,94.4134802631579,Buy One Get One Free,YouTube,6507.12,88294.0,2263.0,0.0,2.563028065327202
2023-10-08,102870494.29,101.93340131578947,94.4134802631579,Buy One Get One Free,Facebook,6581.27,106438.0,2963.0,0.0,2.7837802288656306
2023-10-08,102870494.29,101.93340131578947,94.4134802631579,Buy One Get One Free,Google Ads,7435.83,115710.0,3295.0,0.0,2.847636332209835
2023-10-08,102870494.29,101.93340131578947,94.4134802631579,Buy One Get One Free,Influencer Marketing,6909.91,100728.0,2991.0,0.0,2.969382892542292
2023-10-08,102870494.29,101.93340131578947,94.4134802631579,Buy One Get One Free,Instagram,7436.23,115422.0,2832.0,0.0,2.453605031969642
2023-10-08,102870494.29,101.93340131578947,94.4134802631579,Buy One Get One Free,OOH,0.0,0.0,0.0,9655.43,0.0
2023-10-08,102870494.29,101.93340131578947,94.4134802631579,Buy One Get One Free,Print,0.0,0.0,0.0,8344.6,0.0
2023-10-08,102870494.29,101.93340131578947,94.4134802631579,Buy One Get One Free,Radio,0.0,0.0,0.0,13230.39,0.0
2023-10-08,102870494.29,101.93340131578947,94.4134802631579,Buy One Get One Free,TV,0.0,0.0,0.0,14094.81,0.0
2023-10-08,102870494.29,101.93340131578947,94.4134802631579,Buy One Get One Free,YouTube,6518.24,97964.0,3250.0,0.0,3.317545220693316
2023-10-15,102343736.01,101.93340131578947,94.4134802631579,Buy One Get One Free,Facebook,7182.26,98858.0,2694.0,0.0,2.725120880454794
2023-10-15,102343736.01,101.93340131578947,94.4134802631579,Buy One Get One Free,Google Ads,6616.8099999999995,102725.0,3664.0,0.0,3.566804575322463
2023-10-15,102343736.01,101.93340131578947,94.4134802631579,Buy One Get One Free,Influencer Marketing,7248.71,112344.0,3184.0,0.0,2.8341522466709392
2023-10-15,102343736.01,101.93340131578947,94.4134802631579,Buy One Get One Free,Instagram,6751.35,122968.0,4396.0,0.0,3.57491379871186
2023-10-15,102343736.01,101.93340131578947,94.4134802631579,Buy One Get One Free,OOH,0.0,0.0,0.0,7111.7,0.0
2023-10-15,102343736.01,101.93340131578947,94.4134802631579,Buy One Get One Free,Print,0.0,0.0,0.0,9301.5,0.0
2023-10-15,102343736.01,101.93340131578947,94.4134802631579,Buy One Get One Free,Radio,0.0,0.0,0.0,7505.5,0.0
2023-10-15,102343736.01,101.93340131578947,94.4134802631579,Buy One Get One Free,TV,0.0,0.0,0.0,5323.98,0.0
2023-10-15,102343736.01,101.93340131578947,94.4134802631579,Buy One Get One Free,YouTube,7666.68,110067.0,3340.0,0.0,3.034515340656146
2023-10-22,102312206.18,101.93340131578947,94.4134802631579,Buy One Get One Free,Facebook,6812.97,99346.0,3495.0,0.0,3.5180077708211703
2023-10-22,102312206.18,101.93340131578947,94.4134802631579,Buy One Get One Free,Google Ads,6945.33,105715.0,3111.0,0.0,2.9428179539327437
2023-10-22,102312206.18,101.93340131578947,94.4134802631579,Buy One Get One Free,Influencer Marketing,6423.6900000000005,92060.0,2969.0,0.0,3.2250706061264394
2023-10-22,102312206.18,101.93340131578947,94.4134802631579,Buy One Get One Free,Instagram,6404.29,104339.0,3856.0,0.0,3.6956459233843533
2023-10-22,102312206.18,101.93340131578947,94.4134802631579,Buy One Get One Free,OOH,0.0,0.0,0.0,8311.3,0.0
2023-10-22,102312206.18,101.93340131578947,94.4134802631579,Buy One Get One Free,Print,0.0,0.0,0.0,13220.46,0.0
2023-10-22,102312206.18,101.93340131578947,94.4134802631579,Buy One Get One Free,Radio,0.0,0.0,0.0,8640.36,0.0
2023-10-22,102312206.18,101.93340131578947,94.4134802631579,Buy One Get One Free,TV,0.0,0.0,0.0,10829.3,0.0
2023-10-22,102312206.18,101.93340131578947,94.4134802631579,Buy One Get One Free,YouTube,6137.92,85246.0,1865.0,0.0,2.1877859371700725
2023-10-29,102570958.59,101.93340131578947,94.4134802631579,Buy One Get One Free,Facebook,7192.799999999999,116637.0,3543.0,0.0,3.0376295686617456
2023-10-29,102570958.59,101.93340131578947,94.4134802631579,Buy One Get One Free,Google Ads,7166.700000000001,113554.0,3727.0,0.0,3.282138894270567
2023-10-29,102570958.59,101.93340131578947,94.4134802631579,Buy One Get One Free,Influencer Marketing,6562.04,104682.0,3527.0,0.0,3.369251638295027
2023-10-29,102570958.59,101.93340131578947,94.4134802631579,Buy One Get One Free,Instagram,7528.99,113241.0,3480.0,0.0,3.0730919013431532
2023-10-29,102570958.59,101.93340131578947,94.4134802631579,Buy One Get One Free,OOH,0.0,0.0,0.0,13892.72,0.0
2023-10-29,102570958.59,101.93340131578947,94.4134802631579,Buy One Get One Free,Print,0.0,0.0,0.0,12356.78,0.0
2023-10-29,102570958.59,101.93340131578947,94.4134802631579,Buy One Get One Free,Radio,0.0,0.0,0.0,6134.18,0.0
2023-10-29,102570958.59,101.93340131578947,94.4134802631579,Buy One Get One Free,TV,0.0,0.0,0.0,9778.58,0.0
2023-10-29,102570958.59,101.93340131578947,94.4134802631579,Buy One Get One Free,YouTube,6659.12,95291.0,2940.0,0.0,3.0852861235583635
2023-11-05,102940166.08,101.93153947368421,94.17841447368421,Buy One Get One Free,Facebook,7443.6,119273.0,3996.0,0.0,3.350297217308192
2023-11-05,102940166.08,101.93153947368421,94.17841447368421,Buy One Get One Free,Google Ads,7390.71,100834.0,3036.0,0.0,3.010889184203741
2023-11-05,102940166.08,101.93153947368421,94.17841447368421,Buy One Get One Free,Influencer Marketing,6438.33,96389.0,2051.0,0.0,2.1278361638776206
2023-11-05,102940166.08,101.93153947368421,94.17841447368421,Buy One Get One Free,Instagram,7570.2300000000005,111003.0,2805.0,0.0,2.526958730845112
2023-11-05,102940166.08,101.93153947368421,94.17841447368421,Buy One Get One Free,OOH,0.0,0.0,0.0,6881.7,0.0
2023-11-05,102940166.08,101.93153947368421,94.17841447368421,Buy One Get One Free,Print,0.0,0.0,0.0,8628.92,0.0
2023-11-05,102940166.08,101.93153947368421,94.17841447368421,Buy One Get One Free,Radio,0.0,0.0,0.0,7359.92,0.0
2023-11-05,102940166.08,101.93153947368421,94.17841447368421,Buy One Get One Free,TV,0.0,0.0,0.0,5240.62,0.0
2023-11-05,102940166.08,101.93153947368421,94.17841447368421,Buy One Get One Free,YouTube,7132.56,107983.0,3513.0,0.0,3.253289869701712
2023-11-12,102388279.78,101.93153947368421,94.17841447368421,Buy One Get One Free,Facebook,6452.7,94908.0,2640.0,0.0,2.781641168289291
2023-11-12,102388279.78,101.93153947368421,94.17841447368421,Buy One Get One Free,Google Ads,7212.0599999999995,113935.0,4090.0,0.0,3.58976609470312
2023-11-12,102388279.78,101.93153947368421,94.17841447368421,Buy One Get One Free,Influencer Marketing,7030.780000000001,108477.0,3312.0,0.0,3.053181780469593
2023-11-12,102388279.78,101.93153947368421,94.17841447368421,Buy One Get One Free,Instagram,7220.42,117411.0,2944.0,0.0,2.5074311606237916
2023-11-12,102388279.78,101.93153947368421,94.17841447368421,Buy One Get One Free,OOH,0.0,0.0,0.0,10020.36,0.0
2023-11-12,102388279.78,101.93153947368421,94.17841447368421,Buy One Get One Free,Print,0.0,0.0,0.0,11831.68,0.0
2023-11-12,102388279.78,101.93153947368421,94.17841447368421,Buy One Get One Free,Radio,0.0,0.0,0.0,9696.3,0.0
2023-11-12,102388279.78,101.93153947368421,94.17841447368421,Buy One Get One Free,TV,0.0,0.0,0.0,9129.58,0.0
2023-11-12,102388279.78,101.93153947368421,94.17841447368421,Buy One Get One Free,YouTube,7499.9,99251.0,3365.0,0.0,3.390394051445326
2023-11-19,102760510.49,101.93153947368421,94.17841447368421,Buy One Get One Free,Facebook,7527.9800000000005,126333.0,2709.0,0.0,2.1443328346512787
2023-11-19,102760510.49,101.93153947368421,94.17841447368421,Buy One Get One Free,Google Ads,6354.54,92403.0,2378.0,0.0,2.5735095180892396
2023-11-19,102760510.49,101.93153947368421,94.17841447368421,Buy One Get One Free,Influencer Marketing,7681.38,109715.0,4004.0,0.0,3.649455407191359
2023-11-19,102760510.49,101.93153947368421,94.17841447368421,Buy One Get One Free,Instagram,7627.82,107620.0,3762.0,0.0,3.495632782010779
2023-11-19,102760510.49,101.93153947368421,94.17841447368421,Buy One Get One Free,OOH,0.0,0.0,0.0,5951.5,0.0
2023-11-19,102760510.49,101.93153947368421,94.17841447368421,Buy One Get One Free,Print,0.0,0.0,0.0,11200.82,0.0
2023-11-19,102760510.49,101.93153947368421,94.17841447368421,Buy One Get One Free,Radio,0.0,0.0,0.0,7427.46,0.0
2023-11-19,102760510.49,101.93153947368421,94.17841447368421,Buy One Get One Free,TV,0.0,0.0,0.0,6676.19,0.0
2023-11-19,102760510.49,101.93153947368421,94.17841447368421,Buy One Get One Free,YouTube,6940.25,101950.0,3820.0,0.0,3.746934771947033
2023-11-26,102554383.38,101.93153947368421,94.17841447368421,Buy One Get One Free,Facebook,7130.48,99647.0,2789.0,0.0,2.7988800465643724
2023-11-26,102554383.38,101.93153947368421,94.17841447368421,Buy One Get One Free,Google Ads,7203.780000000001,94853.0,2796.0,0.0,2.947719102189704
2023-11-26,102554383.38,101.93153947368421,94.17841447368421,Buy One Get One Free,Influencer Marketing,6885.38,104253.0,3482.0,0.0,3.3399518479084533
2023-11-26,102554383.38,101.93153947368421,94.17841447368421,Buy One Get One Free,Instagram,7187.139999999999,98051.0,3393.0,0.0,3.460444054624634
2023-11-26,102554383.38,101.93153947368421,94.17841447368421,Buy One Get One Free,OOH,0.0,0.0,0.0,11869.33,0.0
2023-11-26,102554383.38,101.93153947368421,94.17841447368421,Buy One Get One Free,Print,0.0,0.0,0.0,6267.8,0.0
2023-11-26,102554383.38,101.93153947368421,94.17841447368421,Buy One Get One Free,Radio,0.0,0.0,0.0,15094.65,0.0
2023-11-26,102554383.38,101.93153947368421,94.17841447368421,Buy One Get One Free,TV,0.0,0.0,0.0,7666.26,0.0
2023-11-26,102554383.38,101.93153947368421,94.17841447368421,Buy One Get One Free,YouTube,7682.030000000001,125020.0,4110.0,0.0,3.2874740041593347
2023-12-03,102828072.47,102.17892105263158,94.656625,Buy One Get One Free,Facebook,7298.62,117345.0,3473.0,0.0,2.9596488985470195
2023-12-03,102828072.47,102.17892105263158,94.656625,Buy One Get One Free,Google Ads,6814.02,99766.0,3221.0,0.0,3.2285548182747625
2023-12-03,102828072.47,102.17892105263158,94.656625,Buy One Get One Free,Influencer Marketing,7592.57,110771.0,2854.0,0.0,2.576486625560842
2023-12-03,102828072.47,102.17892105263158,94.656625,Buy One Get One Free,Instagram,7256.320000000001,118178.0,3721.0,0.0,3.1486401868368055
2023-12-03,102828072.47,102.17892105263158,94.656625,Buy One Get One Free,OOH,0.0,0.0,0.0,6791.09,0.0
2023-12-03,102828072.47,102.17892105263158,94.656625,Buy One Get One Free,Print,0.0,0.0,0.0,15081.87,0.0
2023-12-03,102828072.47,102.17892105263158,94.656625,Buy One Get One Free,Radio,0.0,0.0,0.0,6096.8,0.0
2023-12-03,102828072.47,102.17892105263158,94.656625,Buy One Get One Free,TV,0.0,0.0,0.0,12988.15,0.0
2023-12-03,102828072.47,102.17892105263158,94.656625,Buy One Get One Free,YouTube,7135.34,110972.0,3423.0,0.0,3.084561871463072
2023-12-10,102517082.33,102.17892105263158,94.656625,Buy One Get One Free,Facebook,6000.38,82090.0,2029.0,0.0,2.4716774272140336
2023-12-10,102517082.33,102.17892105263158,94.656625,Buy One Get One Free,Google Ads,8131.4,109850.0,3238.0,0.0,2.9476558944014566
2023-12-10,102517082.33,102.17892105263158,94.656625,Buy One Get One Free,Influencer Marketing,7650.24,105110.0,2881.0,0.0,2.740938064884407
2023-12-10,102517082.33,102.17892105263158,94.656625,Buy One Get One Free,Instagram,7116.96,111009.0,3282.0,0.0,2.956517039158987
2023-12-10,102517082.33,102.17892105263158,94.656625,Buy One Get One Free,OOH,0.0,0.0,0.0,9162.6,0.0
2023-12-10,102517082.33,102.17892105263158,94.656625,Buy One Get One Free,Print,0.0,0.0,0.0,5028.3,0.0
2023-12-10,102517082.33,102.17892105263158,94.656625,Buy One Get One Free,Radio,0.0,0.0,0.0,8331.65,0.0
2023-12-10,102517082.33,102.17892105263158,94.656625,Buy One Get One Free,TV,0.0,0.0,0.0,9084.44,0.0
2023-12-10,102517082.33,102.17892105263158,94.656625,Buy One Get One Free,YouTube,7225.969999999999,98724.0,2861.0,0.0,2.8979782018556786
2023-12-17,103239814.42,102.17892105263158,94.656625,Buy One Get One Free,Facebook,6772.07,97872.0,3001.0,0.0,3.0662497956514634
2023-12-17,103239814.42,102.17892105263158,94.656625,Buy One Get One Free,Google Ads,6817.98,109470.0,4264.0,0.0,3.895131086142322
2023-12-17,103239814.42,102.17892105263158,94.656625,Buy One Get One Free,Influencer Marketing,7201.54,99306.0,3217.0,0.0,3.2394820051155016
2023-12-17,103239814.42,102.17892105263158,94.656625,Buy One Get One Free,Instagram,7844.92,109912.0,2646.0,0.0,2.407380449814397
2023-12-17,103239814.42,102.17892105263158,94.656625,Buy One Get One Free,OOH,0.0,0.0,0.0,11683.99,0.0
2023-12-17,103239814.42,102.17892105263158,94.656625,Buy One Get One Free,Print,0.0,0.0,0.0,15490.11,0.0
2023-12-17,103239814.42,102.17892105263158,94.656625,Buy One Get One Free,Radio,0.0,0.0,0.0,7731.61,0.0
2023-12-17,103239814.42,102.17892105263158,94.656625,Buy One Get One Free,TV,0.0,0.0,0.0,4824.16,0.0
2023-12-17,103239814.42,102.17892105263158,94.656625,Buy One Get One Free,YouTube,6554.099999999999,99723.0,3768.0,0.0,3.7784663517944703
2023-12-24,102536887.03,102.17892105263158,94.656625,Buy One Get One Free,Facebook,6964.780000000001,108407.0,3383.0,0.0,3.1206471906795685
2023-12-24,102536887.03,102.17892105263158,94.656625,Buy One Get One Free,Google Ads,6698.639999999999,91339.0,2061.0,0.0,2.2564293456245417
2023-12-24,102536887.03,102.17892105263158,94.656625,Buy One Get One Free,Influencer Marketing,6162.39,86463.0,1878.0,0.0,2.1720273411748376
2023-12-24,102536887.03,102.17892105263158,94.656625,Buy One Get One Free,Instagram,6448.91,95859.0,3155.0,0.0,3.2912924190738484
2023-12-24,102536887.03,102.17892105263158,94.656625,Buy One Get One Free,OOH,0.0,0.0,0.0,14623.57,0.0
2023-12-24,102536887.03,102.17892105263158,94.656625,Buy One Get One Free,Print,0.0,0.0,0.0,9844.37,0.0
2023-12-24,102536887.03,102.17892105263158,94.656625,Buy One Get One Free,Radio,0.0,0.0,0.0,5772.35,0.0
2023-12-24,102536887.03,102.17892105263158,94.656625,Buy One Get One Free,TV,0.0,0.0,0.0,10709.13,0.0
2023-12-24,102536887.03,102.17892105263158,94.656625,Buy One Get One Free,YouTube,6907.7,110337.0,3278.0,0.0,2.970898248094474
2023-12-31,14825246.77,102.17892105263158,94.656625,Buy One Get One Free,Facebook,914.14,14909.0,233.0,0.0,1.5628144074049233
2023-12-31,14825246.77,102.17892105263158,94.656625,Buy One Get One Free,Google Ads,966.66,17766.0,777.0,0.0,4.373522458628842
2023-12-31,14825246.77,102.17892105263158,94.656625,Buy One Get One Free,Influencer Marketing,1135.69,21297.0,558.0,0.0,2.6200873362445414
2023-12-31,14825246.77,102.17892105263158,94.656625,Buy One Get One Free,Instagram,1235.49,21998.0,578.0,0.0,2.627511591962906
2023-12-31,14825246.77,102.17892105263158,94.656625,Buy One Get One Free,OOH,0.0,0.0,0.0,9881.73,0.0
2023-12-31,14825246.77,102.17892105263158,94.656625,Buy One Get One Free,Print,0.0,0.0,0.0,9546.23,0.0
2023-12-31,14825246.77,102.17892105263158,94.656625,Buy One Get One Free,Radio,0.0,0.0,0.0,11167.25,0.0
2023-12-31,14825246.77,102.17892105263158,94.656625,Buy One Get One Free,TV,0.0,0.0,0.0,12565.47,0.0
2023-12-31,14825246.77,102.17892105263158,94.656625,Buy One Get One Free,YouTube,812.15,9846.0,446.0,0.0,4.529758277473086
